dataset,image_id,method,source_path,niqe,mean_luma,over,under,dark_ratio,contrast,sharpness_proxy,noise_proxy
DICM,01.JPG,input_low,/home/user/a1_rlef_project/data/unpaired_real/DICM/01.JPG,3.3509145981381976,0.09174858778715134,0.0009830729166666666,0.532021484375,0.7975846354166667,0.17726553976535797,1077.55322265625,0.011112776584923267
DICM,01.JPG,P3c_RLEF_seed3407,/home/user/a1_rlef_project/results/hermes_audit/supplementary_noref/rlef_p3c_unpaired/DICM/01.png,3.1456360633889435,0.20648130774497986,9.765625e-06,0.0,0.513935546875,0.19362817704677582,529.0940551757812,0.0029392861761152744
DICM,02.JPG,input_low,/home/user/a1_rlef_project/data/unpaired_real/DICM/02.JPG,3.109425259661987,0.2547683119773865,0.006139322916666667,0.18175130208333334,0.44091471354166667,0.2542766034603119,1987.4000244140625,0.020454108715057373
DICM,02.JPG,P3c_RLEF_seed3407,/home/user/a1_rlef_project/results/hermes_audit/supplementary_noref/rlef_p3c_unpaired/DICM/02.png,3.0480987772234234,0.345884770154953,0.0,0.0,0.28688151041666665,0.26336848735809326,1102.9422607421875,0.007982591167092323
DICM,03.JPG,input_low,/home/user/a1_rlef_project/data/unpaired_real/DICM/03.JPG,3.35919331130866,0.19334642589092255,0.015211588541666666,0.20873046875,0.5004654947916667,0.23112580180168152,421.08929443359375,0.00792271550744772
DICM,03.JPG,P3c_RLEF_seed3407,/home/user/a1_rlef_project/results/hermes_audit/supplementary_noref/rlef_p3c_unpaired/DICM/03.png,3.2029244465555182,0.31651821732521057,3.580729166666667e-05,0.0,0.23364908854166666,0.2388978898525238,229.919189453125,0.00451828446239233
DICM,04.JPG,input_low,/home/user/a1_rlef_project/data/unpaired_real/DICM/04.JPG,3.9509280489363814,0.41412195563316345,0.07975260416666667,0.04129557291666667,0.16029622395833334,0.36215323209762573,294.8763732910156,0.01196418609470129
DICM,04.JPG,P3c_RLEF_seed3407,/home/user/a1_rlef_project/results/hermes_audit/supplementary_noref/rlef_p3c_unpaired/DICM/04.png,3.8313725226046134,0.46346887946128845,0.001474609375,0.0,0.06433268229166667,0.32879191637039185,200.0474395751953,0.008974512107670307
DICM,05.JPG,input_low,/home/user/a1_rlef_project/data/unpaired_real/DICM/05.JPG,3.922615324074206,0.45470932126045227,0.05692057291666667,0.057578125,0.23095377604166667,0.33113956451416016,108.91940307617188,0.007247607223689556
DICM,05.JPG,P3c_RLEF_seed3407,/home/user/a1_rlef_project/results/hermes_audit/supplementary_noref/rlef_p3c_unpaired/DICM/05.png,3.8852966891194676,0.47464674711227417,0.0,1.6276041666666666e-05,0.20552734375,0.31421542167663574,90.9721908569336,0.0065063913352787495
DICM,06.JPG,input_low,/home/user/a1_rlef_project/data/unpaired_real/DICM/06.JPG,4.250305696675219,0.11084133386611938,0.002138671875,0.2750325520833333,0.5294856770833334,0.11104881763458252,255.01817321777344,0.012455448508262634
DICM,06.JPG,P3c_RLEF_seed3407,/home/user/a1_rlef_project/results/hermes_audit/supplementary_noref/rlef_p3c_unpaired/DICM/06.png,5.960885886178137,0.30638137459754944,0.0015983072916666667,0.0,0.20278971354166667,0.18943504989147186,229.98023986816406,0.005194733384996653
DICM,07.JPG,input_low,/home/user/a1_rlef_project/data/unpaired_real/DICM/07.JPG,5.170713620357814,0.4495997130870819,0.003372395833333333,0.132919921875,0.325263671875,0.33048421144485474,237.58609008789062,0.008884159848093987
DICM,07.JPG,P3c_RLEF_seed3407,/home/user/a1_rlef_project/results/hermes_audit/supplementary_noref/rlef_p3c_unpaired/DICM/07.png,4.831052411538029,0.4853954613208771,0.0,0.0,0.26697265625,0.31937259435653687,183.44276428222656,0.006901271641254425
DICM,08.JPG,input_low,/home/user/a1_rlef_project/data/unpaired_real/DICM/08.JPG,4.321925981960066,0.05301110818982124,0.000556640625,0.6617057291666667,0.8596712239583333,0.12001517415046692,2591.132080078125,0.022393016144633293
DICM,08.JPG,P3c_RLEF_seed3407,/home/user/a1_rlef_project/results/hermes_audit/supplementary_noref/rlef_p3c_unpaired/DICM/08.png,3.9328212927047006,0.19223754107952118,0.0004524739583333333,0.0,0.484619140625,0.17005620896816254,1042.4853515625,0.00433621509000659
DICM,09.JPG,input_low,/home/user/a1_rlef_project/data/unpaired_real/DICM/09.JPG,2.820511081640518,0.26859328150749207,0.0,0.07577799479166666,0.25737955729166667,0.22448892891407013,750.1481323242188,0.01813744381070137
DICM,09.JPG,P3c_RLEF_seed3407,/home/user/a1_rlef_project/results/hermes_audit/supplementary_noref/rlef_p3c_unpaired/DICM/09.png,2.717731506248876,0.4055020213127136,0.0,0.0,0.12959309895833335,0.2308626025915146,433.4580078125,0.009773295372724533
DICM,10.JPG,input_low,/home/user/a1_rlef_project/data/unpaired_real/DICM/10.JPG,3.7943210113405916,0.4427320957183838,0.0014192708333333334,0.016455078125,0.08540364583333333,0.2789611518383026,798.6649169921875,0.024072185158729553
DICM,10.JPG,P3c_RLEF_seed3407,/home/user/a1_rlef_project/results/hermes_audit/supplementary_noref/rlef_p3c_unpaired/DICM/10.png,3.47939152049088,0.47788095474243164,5.859375e-05,0.0002669270833333333,0.05710611979166667,0.2717375159263611,653.0303344726562,0.01806740090250969
DICM,11.JPG,input_low,/home/user/a1_rlef_project/data/unpaired_real/DICM/11.JPG,3.7940289829678067,0.36107441782951355,0.00033203125,0.025657552083333333,0.29962565104166666,0.2579650580883026,242.3098907470703,0.011219218373298645
DICM,11.JPG,P3c_RLEF_seed3407,/home/user/a1_rlef_project/results/hermes_audit/supplementary_noref/rlef_p3c_unpaired/DICM/11.png,3.682067571894903,0.4385550320148468,0.0,0.0,0.125341796875,0.25751709938049316,154.06072998046875,0.006516234949231148
DICM,12.JPG,input_low,/home/user/a1_rlef_project/data/unpaired_real/DICM/12.JPG,4.052568414393876,0.02530573680996895,1.6276041666666666e-05,0.7958528645833334,0.9126888020833334,0.05533471703529358,82.90025329589844,0.006317927502095699
DICM,12.JPG,P3c_RLEF_seed3407,/home/user/a1_rlef_project/results/hermes_audit/supplementary_noref/rlef_p3c_unpaired/DICM/12.png,4.944840761349433,0.1907019168138504,1.953125e-05,0.0,0.0055533854166666665,0.15436722338199615,129.98817443847656,0.012955296784639359
DICM,13.JPG,input_low,/home/user/a1_rlef_project/data/unpaired_real/DICM/13.JPG,4.018986131542365,0.048074107617139816,9.765625e-06,0.6696809895833333,0.8378645833333334,0.09399371594190598,159.42892456054688,0.007619449868798256
DICM,13.JPG,P3c_RLEF_seed3407,/home/user/a1_rlef_project/results/hermes_audit/supplementary_noref/rlef_p3c_unpaired/DICM/13.png,4.283312569969247,0.21215322613716125,9.765625e-06,0.0,0.30477213541666665,0.1838463544845581,167.36302185058594,0.004625815898180008
DICM,14.JPG,input_low,/home/user/a1_rlef_project/data/unpaired_real/DICM/14.JPG,3.848790688213806,0.04654289782047272,0.0,0.7202962239583334,0.8469205729166667,0.09808522462844849,201.56759643554688,0.008018825203180313
DICM,14.JPG,P3c_RLEF_seed3407,/home/user/a1_rlef_project/results/hermes_audit/supplementary_noref/rlef_p3c_unpaired/DICM/14.png,3.920026170224718,0.2084629386663437,0.0,0.0,0.07122721354166667,0.18728715181350708,189.67726135253906,0.008978232741355896
DICM,15.JPG,input_low,/home/user/a1_rlef_project/data/unpaired_real/DICM/15.JPG,3.2786578459501237,0.389144629240036,0.003154296875,0.060595703125,0.280302734375,0.3088923990726471,1395.1514892578125,0.023080935701727867
DICM,15.JPG,P3c_RLEF_seed3407,/home/user/a1_rlef_project/results/hermes_audit/supplementary_noref/rlef_p3c_unpaired/DICM/15.png,3.1725532635300033,0.4431624710559845,6.184895833333334e-05,0.0,0.10776692708333334,0.2965015769004822,960.702392578125,0.014515519142150879
DICM,16.JPG,input_low,/home/user/a1_rlef_project/data/unpaired_real/DICM/16.JPG,4.7265476407386915,0.24970634281635284,0.006624348958333333,0.03826822916666667,0.39410481770833333,0.24923323094844818,271.5179138183594,0.006802879739552736
DICM,16.JPG,P3c_RLEF_seed3407,/home/user/a1_rlef_project/results/hermes_audit/supplementary_noref/rlef_p3c_unpaired/DICM/16.png,4.124918535345329,0.3617491126060486,0.0,0.0,0.16188802083333334,0.25858011841773987,157.72535705566406,0.004963393323123455
DICM,17.JPG,input_low,/home/user/a1_rlef_project/data/unpaired_real/DICM/17.JPG,4.405418336183674,0.14056527614593506,1.3020833333333334e-05,0.26015299479166665,0.6015104166666667,0.1727524846792221,98.81806945800781,0.00725598307326436
DICM,17.JPG,P3c_RLEF_seed3407,/home/user/a1_rlef_project/results/hermes_audit/supplementary_noref/rlef_p3c_unpaired/DICM/17.png,4.900847607122314,0.2996561825275421,3.2552083333333335e-06,0.0,0.109521484375,0.20453010499477386,93.7208251953125,0.005369605962187052
DICM,18.JPG,input_low,/home/user/a1_rlef_project/data/unpaired_real/DICM/18.JPG,5.159023583349437,0.022801002487540245,0.00017252604166666667,0.85501953125,0.9337890625,0.07279209792613983,742.7880859375,0.011648917570710182
DICM,18.JPG,P3c_RLEF_seed3407,/home/user/a1_rlef_project/results/hermes_audit/supplementary_noref/rlef_p3c_unpaired/DICM/18.png,4.744942588275788,0.15933465957641602,0.00016927083333333334,0.0,0.012903645833333333,0.12946374714374542,350.0387268066406,0.013419640250504017
DICM,19.JPG,input_low,/home/user/a1_rlef_project/data/unpaired_real/DICM/19.JPG,4.1960671553132,0.10473818331956863,0.000322265625,0.21145833333333333,0.5832486979166667,0.10633508116006851,275.10980224609375,0.01164002064615488
DICM,19.JPG,P3c_RLEF_seed3407,/home/user/a1_rlef_project/results/hermes_audit/supplementary_noref/rlef_p3c_unpaired/DICM/19.png,4.788701549653265,0.27151763439178467,0.0,0.0,0.20406575520833334,0.17843887209892273,215.1626739501953,0.007182280533015728
DICM,20.JPG,input_low,/home/user/a1_rlef_project/data/unpaired_real/DICM/20.JPG,4.873677068390464,0.047092340886592865,0.00019856770833333334,0.5837044270833334,0.874365234375,0.0930071771144867,1642.504638671875,0.019378123804926872
DICM,20.JPG,P3c_RLEF_seed3407,/home/user/a1_rlef_project/results/hermes_audit/supplementary_noref/rlef_p3c_unpaired/DICM/20.png,3.830906349545565,0.20768514275550842,6.184895833333334e-05,0.0,0.2689518229166667,0.16177569329738617,801.464111328125,0.005147482734173536
DICM,21.JPG,input_low,/home/user/a1_rlef_project/data/unpaired_real/DICM/21.JPG,4.311443659172875,0.1863345056772232,0.00016927083333333334,0.23549153645833334,0.673984375,0.27614933252334595,455.4291687011719,0.010460383258759975
DICM,21.JPG,P3c_RLEF_seed3407,/home/user/a1_rlef_project/results/hermes_audit/supplementary_noref/rlef_p3c_unpaired/DICM/21.png,4.817905757280708,0.33689555525779724,0.0,0.0,0.127236328125,0.26144903898239136,214.68955993652344,0.003359450027346611
DICM,22.JPG,input_low,/home/user/a1_rlef_project/data/unpaired_real/DICM/22.JPG,3.913898208340091,0.10745039582252502,0.0004947916666666667,0.313271484375,0.6599869791666667,0.14617472887039185,652.9912719726562,0.011231991462409496
DICM,22.JPG,P3c_RLEF_seed3407,/home/user/a1_rlef_project/results/hermes_audit/supplementary_noref/rlef_p3c_unpaired/DICM/22.png,3.17457339115281,0.2551270127296448,0.00014322916666666667,0.0,0.239326171875,0.18159735202789307,343.8120422363281,0.0040672593750059605
DICM,23.JPG,input_low,/home/user/a1_rlef_project/data/unpaired_real/DICM/23.JPG,3.655301858465083,0.11421623080968857,0.0022786458333333335,0.14383138020833333,0.5772395833333334,0.1305330991744995,386.96405029296875,0.010593938641250134
DICM,23.JPG,P3c_RLEF_seed3407,/home/user/a1_rlef_project/results/hermes_audit/supplementary_noref/rlef_p3c_unpaired/DICM/23.png,3.908339243956927,0.3064890503883362,0.0006022135416666667,0.0,0.094853515625,0.1781846582889557,233.61785888671875,0.004747563041746616
DICM,24.JPG,input_low,/home/user/a1_rlef_project/data/unpaired_real/DICM/24.JPG,3.5426197780420012,0.2723729908466339,0.05667643229166667,0.054889322916666664,0.22624674479166668,0.2704715430736542,4094.8095703125,0.041830506175756454
DICM,24.JPG,P3c_RLEF_seed3407,/home/user/a1_rlef_project/results/hermes_audit/supplementary_noref/rlef_p3c_unpaired/DICM/24.png,4.140148173724246,0.3690899908542633,0.00012044270833333334,0.0,0.08940755208333333,0.24820932745933533,1913.629150390625,0.010559942573308945
DICM,25.JPG,input_low,/home/user/a1_rlef_project/data/unpaired_real/DICM/25.JPG,4.554962081853537,0.06487409770488739,0.011025390625,0.4422884114583333,0.8644303385416666,0.1462567150592804,435.06298828125,0.00987288635224104
DICM,25.JPG,P3c_RLEF_seed3407,/home/user/a1_rlef_project/results/hermes_audit/supplementary_noref/rlef_p3c_unpaired/DICM/25.png,3.9873386425214647,0.22200322151184082,0.006240234375,0.0,0.25479817708333335,0.18437300622463226,198.21299743652344,0.0029393197037279606
DICM,26.JPG,input_low,/home/user/a1_rlef_project/data/unpaired_real/DICM/26.JPG,4.720032544186433,0.09094616770744324,0.0003255208333333333,0.7441048177083334,0.78125,0.1763884574174881,167.45350646972656,0.00628433795645833
DICM,26.JPG,P3c_RLEF_seed3407,/home/user/a1_rlef_project/results/hermes_audit/supplementary_noref/rlef_p3c_unpaired/DICM/26.png,4.17022965923321,0.21984870731830597,2.9296875e-05,0.0,0.7119303385416667,0.23579160869121552,113.46443939208984,0.003747791750356555
DICM,27.JPG,input_low,/home/user/a1_rlef_project/data/unpaired_real/DICM/27.JPG,7.341984918614752,0.018281323835253716,0.00015625,0.7413834635416666,0.98947265625,0.05436057597398758,118.64838409423828,0.0063912635669112206
DICM,27.JPG,P3c_RLEF_seed3407,/home/user/a1_rlef_project/results/hermes_audit/supplementary_noref/rlef_p3c_unpaired/DICM/27.png,5.567578588607331,0.20912054181098938,0.000263671875,0.0,0.0025,0.13095413148403168,73.32392883300781,0.013856735080480576
DICM,28.JPG,input_low,/home/user/a1_rlef_project/data/unpaired_real/DICM/28.JPG,3.9317056117479807,0.2698841691017151,0.0005078125,0.04496744791666667,0.21727213541666668,0.235306516289711,416.31585693359375,0.01769830472767353
DICM,28.JPG,P3c_RLEF_seed3407,/home/user/a1_rlef_project/results/hermes_audit/supplementary_noref/rlef_p3c_unpaired/DICM/28.png,4.534475910574072,0.40740564465522766,1.953125e-05,0.0,0.055992838541666666,0.2274228036403656,241.7897186279297,0.009322214871644974
DICM,29.jpg,input_low,/home/user/a1_rlef_project/data/unpaired_real/DICM/29.jpg,5.289216951293705,0.12314388900995255,0.016965478098290597,0.27702991452991454,0.658101295405983,0.19408372044563293,191.45362854003906,0.008744227699935436
DICM,29.jpg,P3c_RLEF_seed3407,/home/user/a1_rlef_project/results/hermes_audit/supplementary_noref/rlef_p3c_unpaired/DICM/29.png,5.442610148736734,0.283983439207077,6.343482905982906e-05,0.0,0.26793870192307695,0.21922165155410767,120.3441390991211,0.004870863165706396
DICM,30.jpg,input_low,/home/user/a1_rlef_project/data/unpaired_real/DICM/30.jpg,5.376649390440954,0.13461007177829742,9.936951754385965e-05,0.17178419682017543,0.4155479029605263,0.12932421267032623,29.34044647216797,0.00450896006077528
DICM,30.jpg,P3c_RLEF_seed3407,/home/user/a1_rlef_project/results/hermes_audit/supplementary_noref/rlef_p3c_unpaired/DICM/30.png,5.498033322367819,0.2961159646511078,0.0,0.0,0.21374725877192982,0.17402160167694092,31.11046028137207,0.004073478281497955
DICM,31.jpg,input_low,/home/user/a1_rlef_project/data/unpaired_real/DICM/31.jpg,4.308201391549556,0.35567158460617065,0.0004968475877192983,0.011322985197368421,0.1569592927631579,0.20989659428596497,84.0367202758789,0.008471992798149586
DICM,31.jpg,P3c_RLEF_seed3407,/home/user/a1_rlef_project/results/hermes_audit/supplementary_noref/rlef_p3c_unpaired/DICM/31.png,4.431313993809758,0.4128938615322113,0.0,4.625822368421053e-05,0.10903577302631579,0.20907294750213623,70.32559967041016,0.007445113267749548
DICM,32.jpg,input_low,/home/user/a1_rlef_project/data/unpaired_real/DICM/32.jpg,3.2370557279915926,0.25159451365470886,0.023887442129629628,0.013423032407407408,0.20060329861111112,0.24398601055145264,391.7476501464844,0.00941148865967989
DICM,32.jpg,P3c_RLEF_seed3407,/home/user/a1_rlef_project/results/hermes_audit/supplementary_noref/rlef_p3c_unpaired/DICM/32.png,3.4451745049408102,0.4175988435745239,2.8935185185185184e-06,0.0,0.050500578703703704,0.21850517392158508,204.61227416992188,0.004559092223644257
DICM,33.jpg,input_low,/home/user/a1_rlef_project/data/unpaired_real/DICM/33.jpg,4.137843661122576,0.2783885598182678,6.022135416666667e-05,0.08277506510416667,0.4092154947916667,0.26939183473587036,194.51815795898438,0.011135520413517952
DICM,33.jpg,P3c_RLEF_seed3407,/home/user/a1_rlef_project/results/hermes_audit/supplementary_noref/rlef_p3c_unpaired/DICM/33.png,4.357461196043802,0.38467976450920105,0.0,0.0,0.18603352864583333,0.2790902853012085,144.59214782714844,0.005566293373703957
DICM,34.jpg,input_low,/home/user/a1_rlef_project/data/unpaired_real/DICM/34.jpg,3.1981604947216424,0.36972692608833313,3.3275462962962965e-05,0.006753472222222222,0.28498697916666665,0.34174808859825134,922.211181640625,0.024944912642240524
DICM,34.jpg,P3c_RLEF_seed3407,/home/user/a1_rlef_project/results/hermes_audit/supplementary_noref/rlef_p3c_unpaired/DICM/34.png,2.9648726992280205,0.4274481534957886,0.0,0.0,0.03940538194444444,0.31767112016677856,621.889892578125,0.019739637151360512
DICM,35.jpg,input_low,/home/user/a1_rlef_project/data/unpaired_real/DICM/35.jpg,3.662396439851375,0.23261485993862152,0.0,0.18225045475216006,0.4668542519326967,0.21737052500247955,420.7799987792969,0.012619932182133198
DICM,35.jpg,P3c_RLEF_seed3407,/home/user/a1_rlef_project/results/hermes_audit/supplementary_noref/rlef_p3c_unpaired/DICM/35.png,3.4349998812088085,0.32040590047836304,0.0,0.0,0.3595412687585266,0.24725741147994995,293.4555358886719,0.006796666886657476
DICM,36.jpg,input_low,/home/user/a1_rlef_project/data/unpaired_real/DICM/36.jpg,4.829149061128061,0.3673584461212158,0.009133082877959928,0.07866575591985428,0.28379439890710384,0.29794031381607056,83.93123626708984,0.012593756429851055
DICM,36.jpg,P3c_RLEF_seed3407,/home/user/a1_rlef_project/results/hermes_audit/supplementary_noref/rlef_p3c_unpaired/DICM/36.png,5.066280121174642,0.4419465661048889,0.0,0.0,0.11950136612021858,0.2833762764930725,61.779327392578125,0.008907011710107327
DICM,37.jpg,input_low,/home/user/a1_rlef_project/data/unpaired_real/DICM/37.jpg,2.7251535231002326,0.5077219009399414,0.00017361111111111112,0.09528688524590163,0.26817224499089254,0.38264575600624084,1020.173583984375,0.02518397383391857
DICM,37.jpg,P3c_RLEF_seed3407,/home/user/a1_rlef_project/results/hermes_audit/supplementary_noref/rlef_p3c_unpaired/DICM/37.png,2.8115708266344517,0.5270865559577942,0.0,4.269125683060109e-05,0.19980077413479053,0.36607465147972107,784.5151977539062,0.01817495934665203
DICM,38.jpg,input_low,/home/user/a1_rlef_project/data/unpaired_real/DICM/38.jpg,3.52640305873976,0.54570072889328,0.016689529035208046,0.052917809785093736,0.16138260173754002,0.32872849702835083,461.9260559082031,0.028137121349573135
DICM,38.jpg,P3c_RLEF_seed3407,/home/user/a1_rlef_project/results/hermes_audit/supplementary_noref/rlef_p3c_unpaired/DICM/38.png,3.5676449866044457,0.5653656721115112,0.0006858710562414266,0.00019433013260173755,0.1300725880201189,0.3153534531593323,383.01019287109375,0.023965945467352867
DICM,39.jpg,input_low,/home/user/a1_rlef_project/data/unpaired_real/DICM/39.jpg,3.058550254778822,0.4356411099433899,0.00369212962962963,0.09518518518518519,0.263984375,0.306884229183197,2051.66650390625,0.04037084802985191
DICM,39.jpg,P3c_RLEF_seed3407,/home/user/a1_rlef_project/results/hermes_audit/supplementary_noref/rlef_p3c_unpaired/DICM/39.png,3.2692808592927634,0.47425609827041626,1.4467592592592593e-05,4.050925925925926e-05,0.19659722222222223,0.3015201687812805,1550.8973388671875,0.0285334512591362
DICM,40.jpg,input_low,/home/user/a1_rlef_project/data/unpaired_real/DICM/40.jpg,3.0534151371799743,0.2908886969089508,0.002743465807375582,0.06253804153240243,0.3914921231650555,0.2684811055660248,610.9761962890625,0.011812503449618816
DICM,40.jpg,P3c_RLEF_seed3407,/home/user/a1_rlef_project/results/hermes_audit/supplementary_noref/rlef_p3c_unpaired/DICM/40.png,3.071907021365998,0.35757681727409363,2.237737200143215e-06,0.0,0.22232590404582886,0.27137628197669983,420.52569580078125,0.007539564743638039
DICM,41.jpg,input_low,/home/user/a1_rlef_project/data/unpaired_real/DICM/41.jpg,5.434307476310189,0.41470250487327576,0.0,0.03294858641130871,0.25984382124943,0.22977378964424133,101.32475280761719,0.013323584571480751
DICM,41.jpg,P3c_RLEF_seed3407,/home/user/a1_rlef_project/results/hermes_audit/supplementary_noref/rlef_p3c_unpaired/DICM/41.png,5.296083080569685,0.4865396320819855,0.0,2.8499772001823985e-06,0.0666125170998632,0.23687408864498138,80.4109115600586,0.013575645163655281
DICM,42.jpg,input_low,/home/user/a1_rlef_project/data/unpaired_real/DICM/42.jpg,3.150593464998786,0.3062662184238434,0.032942708333333334,0.018327546296296297,0.34379340277777776,0.2742636203765869,801.3091430664062,0.018221650272607803
DICM,42.jpg,P3c_RLEF_seed3407,/home/user/a1_rlef_project/results/hermes_audit/supplementary_noref/rlef_p3c_unpaired/DICM/42.png,3.236365279406739,0.4071993827819824,0.00043402777777777775,0.0,0.09808738425925925,0.27058157324790955,506.7025451660156,0.009278069250285625
DICM,43.jpg,input_low,/home/user/a1_rlef_project/data/unpaired_real/DICM/43.jpg,3.064383422824811,0.4547305703163147,0.0046494252873563215,0.09604022988505748,0.2724741379310345,0.3409101665019989,640.7139892578125,0.022097256034612656
DICM,43.jpg,P3c_RLEF_seed3407,/home/user/a1_rlef_project/results/hermes_audit/supplementary_noref/rlef_p3c_unpaired/DICM/43.png,3.412801298540155,0.5170146822929382,0.0,0.0,0.12633045977011495,0.3186245858669281,439.6055603027344,0.01250847801566124
DICM,44.jpg,input_low,/home/user/a1_rlef_project/data/unpaired_real/DICM/44.jpg,4.571835470741546,0.528409481048584,0.0007152588555858311,1.1353315168029064e-05,0.029813805631244323,0.33692124485969543,155.2468719482422,0.02317468635737896
DICM,44.jpg,P3c_RLEF_seed3407,/home/user/a1_rlef_project/results/hermes_audit/supplementary_noref/rlef_p3c_unpaired/DICM/44.png,4.563509514391426,0.5424354672431946,0.0,0.0,0.0007209355131698456,0.3206377327442169,130.96934509277344,0.05771788954734802
DICM,45.jpg,input_low,/home/user/a1_rlef_project/data/unpaired_real/DICM/45.jpg,4.660486878285479,0.3408193588256836,0.001328125,0.015359375,0.1224609375,0.18049940466880798,79.40557861328125,0.009680427610874176
DICM,45.jpg,P3c_RLEF_seed3407,/home/user/a1_rlef_project/results/hermes_audit/supplementary_noref/rlef_p3c_unpaired/DICM/45.png,4.957797531331509,0.46684542298316956,0.0,1.8229166666666668e-05,0.0815078125,0.20080557465553284,83.21822357177734,0.01005189586430788
DICM,46.jpg,input_low,/home/user/a1_rlef_project/data/unpaired_real/DICM/46.jpg,4.088861576496786,0.7128800749778748,0.2777421875,0.00043489583333333336,0.008057291666666667,0.28189098834991455,510.3563232421875,0.03211209923028946
DICM,46.jpg,P3c_RLEF_seed3407,/home/user/a1_rlef_project/results/hermes_audit/supplementary_noref/rlef_p3c_unpaired/DICM/46.png,4.094358947120785,0.7165952920913696,0.05038541666666667,4.1666666666666665e-05,0.0050703125,0.26775479316711426,461.0051574707031,0.030752064660191536
DICM,47.jpg,input_low,/home/user/a1_rlef_project/data/unpaired_real/DICM/47.jpg,4.112171125062349,0.7660782337188721,0.3314010416666667,1.8229166666666668e-05,0.0008776041666666666,0.2635405659675598,364.0623779296875,0.03715888783335686
DICM,47.jpg,P3c_RLEF_seed3407,/home/user/a1_rlef_project/results/hermes_audit/supplementary_noref/rlef_p3c_unpaired/DICM/47.png,4.124106310183174,0.7632641792297363,0.019286458333333333,5.208333333333333e-06,0.00048697916666666665,0.2523016631603241,325.9078674316406,0.03321545571088791
DICM,48.jpg,input_low,/home/user/a1_rlef_project/data/unpaired_real/DICM/48.jpg,5.194928508885261,0.49944189190864563,0.006513020833333333,0.00022395833333333333,0.025294270833333334,0.21005767583847046,102.40360260009766,0.017176270484924316
DICM,48.jpg,P3c_RLEF_seed3407,/home/user/a1_rlef_project/results/hermes_audit/supplementary_noref/rlef_p3c_unpaired/DICM/48.png,5.2531987174544685,0.5524312257766724,8.333333333333333e-05,0.0,0.0076223958333333335,0.19817636907100677,90.22616577148438,0.02085462212562561
DICM,49.jpg,input_low,/home/user/a1_rlef_project/data/unpaired_real/DICM/49.jpg,5.417034258982145,0.4779374599456787,0.0049791666666666665,5.208333333333333e-06,0.004375,0.19101443886756897,83.99639129638672,0.011562658473849297
DICM,49.jpg,P3c_RLEF_seed3407,/home/user/a1_rlef_project/results/hermes_audit/supplementary_noref/rlef_p3c_unpaired/DICM/49.png,5.591457576357185,0.5530306100845337,7.8125e-06,0.0,0.0008880208333333333,0.16727669537067413,67.47289276123047,0.014310801401734352
DICM,50.jpg,input_low,/home/user/a1_rlef_project/data/unpaired_real/DICM/50.jpg,5.197654154743496,0.46124982833862305,0.029166666666666667,0.0026145833333333333,0.092484375,0.2845214009284973,42.12043380737305,0.006844404619187117
DICM,50.jpg,P3c_RLEF_seed3407,/home/user/a1_rlef_project/results/hermes_audit/supplementary_noref/rlef_p3c_unpaired/DICM/50.png,5.236419433232448,0.4951307475566864,2.6041666666666666e-06,0.0,0.06802604166666666,0.2710190713405609,37.02902603149414,0.006341281346976757
DICM,51.jpg,input_low,/home/user/a1_rlef_project/data/unpaired_real/DICM/51.jpg,4.601788776550336,0.3266749680042267,0.0027057291666666666,0.017700520833333334,0.13855208333333333,0.18156929314136505,101.56575775146484,0.009920488111674786
DICM,51.jpg,P3c_RLEF_seed3407,/home/user/a1_rlef_project/results/hermes_audit/supplementary_noref/rlef_p3c_unpaired/DICM/51.png,4.730672894849153,0.4504147171974182,2.0833333333333333e-05,2.6041666666666666e-06,0.07892447916666667,0.20210644602775574,97.27415466308594,0.010309883393347263
DICM,52.jpg,input_low,/home/user/a1_rlef_project/data/unpaired_real/DICM/52.jpg,5.778817550242309,0.5270522236824036,0.0,0.0,0.009541666666666667,0.23081651329994202,51.2782096862793,0.004833849146962166
DICM,52.jpg,P3c_RLEF_seed3407,/home/user/a1_rlef_project/results/hermes_audit/supplementary_noref/rlef_p3c_unpaired/DICM/52.png,6.005141135688436,0.5506486296653748,0.0,0.0,0.002328125,0.22418181598186493,45.894073486328125,0.004372923169285059
DICM,53.jpg,input_low,/home/user/a1_rlef_project/data/unpaired_real/DICM/53.jpg,5.611521324376095,0.5789937973022461,0.13125260416666668,0.0,5.208333333333333e-06,0.2336483746767044,34.64888000488281,0.0003387816250324249
DICM,53.jpg,P3c_RLEF_seed3407,/home/user/a1_rlef_project/results/hermes_audit/supplementary_noref/rlef_p3c_unpaired/DICM/53.png,5.862765523741297,0.607330322265625,0.003411458333333333,0.0,0.0,0.21108146011829376,29.020381927490234,0.006475170608609915
DICM,54.jpg,input_low,/home/user/a1_rlef_project/data/unpaired_real/DICM/54.jpg,6.38054065920471,0.38440176844596863,0.001109375,0.0,0.006276041666666667,0.1749829351902008,26.352964401245117,0.002821521367877722
DICM,54.jpg,P3c_RLEF_seed3407,/home/user/a1_rlef_project/results/hermes_audit/supplementary_noref/rlef_p3c_unpaired/DICM/54.png,6.443047986988291,0.5231913328170776,0.0,0.0,3.90625e-05,0.15691812336444855,21.590301513671875,0.0010701367864385247
DICM,55.jpg,input_low,/home/user/a1_rlef_project/data/unpaired_real/DICM/55.jpg,5.384234879574445,0.3803498148918152,0.012044270833333334,0.0,0.017778645833333332,0.18992093205451965,75.57088470458984,0.004601636435836554
DICM,55.jpg,P3c_RLEF_seed3407,/home/user/a1_rlef_project/results/hermes_audit/supplementary_noref/rlef_p3c_unpaired/DICM/55.png,5.55724040864307,0.5163394212722778,0.0,0.0,0.0049479166666666664,0.1694795787334442,53.0583381652832,0.00496422965079546
DICM,56.jpg,input_low,/home/user/a1_rlef_project/data/unpaired_real/DICM/56.jpg,3.0692289302122537,0.340553879737854,0.02278841769265846,0.0011029411764705882,0.11404183766529868,0.22857998311519623,1362.7542724609375,0.01851568929851055
DICM,56.jpg,P3c_RLEF_seed3407,/home/user/a1_rlef_project/results/hermes_audit/supplementary_noref/rlef_p3c_unpaired/DICM/56.png,3.386848467697882,0.4033474326133728,1.1399908800729594e-05,0.0,0.043265503875968996,0.22187922894954681,942.70751953125,0.013944931328296661
DICM,57.jpg,input_low,/home/user/a1_rlef_project/data/unpaired_real/DICM/57.jpg,4.722931939988133,0.5998751521110535,0.003888020833333333,0.0,0.0001953125,0.25926312804222107,72.79473114013672,0.015591689385473728
DICM,57.jpg,P3c_RLEF_seed3407,/home/user/a1_rlef_project/results/hermes_audit/supplementary_noref/rlef_p3c_unpaired/DICM/57.png,4.685061691430913,0.6110135316848755,0.0001484375,0.0,3.6458333333333336e-05,0.24805542826652527,64.53568267822266,0.009508946910500526
DICM,58.jpg,input_low,/home/user/a1_rlef_project/data/unpaired_real/DICM/58.jpg,4.56001998261661,0.5063861608505249,5.46875e-05,0.0,0.004895833333333334,0.2556198835372925,59.92021179199219,0.007421642076224089
DICM,58.jpg,P3c_RLEF_seed3407,/home/user/a1_rlef_project/results/hermes_audit/supplementary_noref/rlef_p3c_unpaired/DICM/58.png,4.6350325059433635,0.5269709229469299,0.0,0.0,0.00048697916666666665,0.24352985620498657,52.74358367919922,0.00795032549649477
DICM,59.jpg,input_low,/home/user/a1_rlef_project/data/unpaired_real/DICM/59.jpg,3.3944096070930287,0.3061186969280243,0.035873842592592596,0.004835069444444445,0.31396412037037036,0.29026493430137634,913.4600830078125,0.01161070168018341
DICM,59.jpg,P3c_RLEF_seed3407,/home/user/a1_rlef_project/results/hermes_audit/supplementary_noref/rlef_p3c_unpaired/DICM/59.png,3.4676761407741643,0.381901353597641,3.18287037037037e-05,0.0,0.04706886574074074,0.272722065448761,529.9180297851562,0.008823007345199585
DICM,60.jpg,input_low,/home/user/a1_rlef_project/data/unpaired_real/DICM/60.jpg,4.9314488045141385,0.3032788038253784,0.005268229166666667,0.000234375,0.15233854166666666,0.21702195703983307,346.4278564453125,0.009808381088078022
DICM,60.jpg,P3c_RLEF_seed3407,/home/user/a1_rlef_project/results/hermes_audit/supplementary_noref/rlef_p3c_unpaired/DICM/60.png,6.402829251565842,0.45264604687690735,0.0,0.0,0.013700520833333334,0.21177321672439575,319.05438232421875,0.010981053113937378
DICM,61.jpg,input_low,/home/user/a1_rlef_project/data/unpaired_real/DICM/61.jpg,2.9495908093999597,0.2677064836025238,0.02328231292517007,0.0002919501133786848,0.42209183673469386,0.2693667411804199,1847.2210693359375,0.023990381509065628
DICM,61.jpg,P3c_RLEF_seed3407,/home/user/a1_rlef_project/results/hermes_audit/supplementary_noref/rlef_p3c_unpaired/DICM/61.png,2.8437505206642437,0.35389599204063416,8.786848072562358e-05,0.0,0.009461451247165532,0.25970056653022766,1085.2479248046875,0.020685475319623947
DICM,62.jpg,input_low,/home/user/a1_rlef_project/data/unpaired_real/DICM/62.jpg,7.39556244642859,0.3882189393043518,0.006697916666666666,0.0,0.01578125,0.17959246039390564,20.168930053710938,0.0016929098637774587
DICM,62.jpg,P3c_RLEF_seed3407,/home/user/a1_rlef_project/results/hermes_audit/supplementary_noref/rlef_p3c_unpaired/DICM/62.png,7.251831216347794,0.5104542970657349,0.0,0.0,0.0,0.15740500390529633,15.105269432067871,0.0046144467778503895
DICM,63.jpg,input_low,/home/user/a1_rlef_project/data/unpaired_real/DICM/63.jpg,5.910898954791347,0.6196211576461792,0.0010625,0.0,7.8125e-06,0.11824699491262436,308.4473876953125,0.03215620666742325
DICM,63.jpg,P3c_RLEF_seed3407,/home/user/a1_rlef_project/results/hermes_audit/supplementary_noref/rlef_p3c_unpaired/DICM/63.png,5.934615046267144,0.6382509469985962,0.0005651041666666667,0.0,2.6041666666666666e-06,0.11250291764736176,274.04913330078125,0.0
DICM,64.jpg,input_low,/home/user/a1_rlef_project/data/unpaired_real/DICM/64.jpg,5.775376193497234,0.5250269174575806,0.033765625,2.6041666666666666e-06,0.005354166666666667,0.2178918570280075,99.04918670654297,0.008331862278282642
DICM,64.jpg,P3c_RLEF_seed3407,/home/user/a1_rlef_project/results/hermes_audit/supplementary_noref/rlef_p3c_unpaired/DICM/64.png,5.833833772579622,0.5498554110527039,0.0020885416666666665,0.0,0.0036432291666666666,0.20598623156547546,83.95428466796875,0.007395780645310879
DICM,65.jpg,input_low,/home/user/a1_rlef_project/data/unpaired_real/DICM/65.jpg,3.046380808122095,0.27634891867637634,0.03549076607387141,0.06512482900136798,0.35080369357045144,0.2819000482559204,1357.57177734375,0.027441944926977158
DICM,65.jpg,P3c_RLEF_seed3407,/home/user/a1_rlef_project/results/hermes_audit/supplementary_noref/rlef_p3c_unpaired/DICM/65.png,3.0739653314716477,0.3419734537601471,0.0,0.0,0.2179406064751482,0.27032506465911865,863.2749633789062,0.015065852552652359
DICM,66.jpg,input_low,/home/user/a1_rlef_project/data/unpaired_real/DICM/66.jpg,5.985032775108398,0.7610489130020142,0.5312604166666667,0.0,0.0,0.28329652547836304,70.64988708496094,0.010228047147393227
DICM,66.jpg,P3c_RLEF_seed3407,/home/user/a1_rlef_project/results/hermes_audit/supplementary_noref/rlef_p3c_unpaired/DICM/66.png,5.797843294136145,0.7589192986488342,0.48278645833333333,0.0,0.0,0.27051568031311035,63.274166107177734,0.009694689884781837
DICM,67.jpg,input_low,/home/user/a1_rlef_project/data/unpaired_real/DICM/67.jpg,5.2847544275685685,0.44935065507888794,0.00024479166666666665,0.0,0.00044010416666666666,0.1529206782579422,71.00995635986328,0.005613604560494423
DICM,67.jpg,P3c_RLEF_seed3407,/home/user/a1_rlef_project/results/hermes_audit/supplementary_noref/rlef_p3c_unpaired/DICM/67.png,5.286001958889003,0.4828057885169983,2.8645833333333333e-05,0.0,0.00011458333333333333,0.15454797446727753,64.8062515258789,0.004940309561789036
DICM,68.jpg,input_low,/home/user/a1_rlef_project/data/unpaired_real/DICM/68.jpg,6.6161279650445115,0.2756638824939728,0.0,0.0005494791666666666,0.03783854166666667,0.07887811958789825,10.904587745666504,0.0018523549661040306
DICM,68.jpg,P3c_RLEF_seed3407,/home/user/a1_rlef_project/results/hermes_audit/supplementary_noref/rlef_p3c_unpaired/DICM/68.png,6.350219876557649,0.5768125653266907,0.0,0.0,0.002442708333333333,0.10192220658063889,12.911877632141113,0.004302657209336758
DICM,69.jpg,input_low,/home/user/a1_rlef_project/data/unpaired_real/DICM/69.jpg,4.9697108596809745,0.45148876309394836,0.0,0.0002760416666666667,0.028119791666666668,0.1444965898990631,102.25308227539062,0.01142379455268383
DICM,69.jpg,P3c_RLEF_seed3407,/home/user/a1_rlef_project/results/hermes_audit/supplementary_noref/rlef_p3c_unpaired/DICM/69.png,5.2666642646084405,0.5025961399078369,0.0,0.0,0.01592447916666667,0.14319764077663422,96.92707061767578,0.011852994561195374
LIME,1.bmp,input_low,/home/user/a1_rlef_project/data/unpaired_real/LIME/1.bmp,4.076626905473158,0.1421228051185608,1.838235294117647e-05,0.09017769607843137,0.6210396241830065,0.1696513444185257,262.0686950683594,0.0075421263463795185
LIME,1.bmp,P3c_RLEF_seed3407,/home/user/a1_rlef_project/results/hermes_audit/supplementary_noref/rlef_p3c_unpaired/LIME/1.png,4.146019503481003,0.2694491147994995,0.0,0.0,0.1076531862745098,0.18437279760837555,175.50262451171875,0.004443383309990168
LIME,10.bmp,input_low,/home/user/a1_rlef_project/data/unpaired_real/LIME/10.bmp,4.922568423240496,0.07190831750631332,0.001140562425360253,0.24688968016677829,0.7501497369387304,0.07837003469467163,118.82425689697266,0.009132340550422668
LIME,10.bmp,P3c_RLEF_seed3407,/home/user/a1_rlef_project/results/hermes_audit/supplementary_noref/rlef_p3c_unpaired/LIME/10.png,4.775800587383244,0.29767510294914246,0.001114945515271948,0.0,0.04481983383164323,0.16372700035572052,109.54400634765625,0.004652211908251047
LIME,2.bmp,input_low,/home/user/a1_rlef_project/data/unpaired_real/LIME/2.bmp,3.3999176381715115,0.15038815140724182,0.00011904761904761905,0.14565051020408162,0.4627636054421769,0.12663628160953522,347.5067443847656,0.016926422715187073
LIME,2.bmp,P3c_RLEF_seed3407,/home/user/a1_rlef_project/results/hermes_audit/supplementary_noref/rlef_p3c_unpaired/LIME/2.png,3.124472758018036,0.32490283250808716,0.0,0.0,0.04189625850340136,0.16500306129455566,231.8978729248047,0.011607510969042778
LIME,3.bmp,input_low,/home/user/a1_rlef_project/data/unpaired_real/LIME/3.bmp,2.7987873998776314,0.17366690933704376,0.0,0.01924266666666667,0.20303466666666667,0.0912013128399849,388.2388610839844,0.02639646641910076
LIME,3.bmp,P3c_RLEF_seed3407,/home/user/a1_rlef_project/results/hermes_audit/supplementary_noref/rlef_p3c_unpaired/LIME/3.png,4.371034482674235,0.41348615288734436,0.0,0.0,0.021429333333333335,0.13158880174160004,255.41964721679688,0.014708701521158218
LIME,4.bmp,input_low,/home/user/a1_rlef_project/data/unpaired_real/LIME/4.bmp,5.155848466034023,0.30748096108436584,0.0002800390752197981,0.09805275154672745,0.4419211983067405,0.2987147271633148,2971.167724609375,0.04179530590772629
LIME,4.bmp,P3c_RLEF_seed3407,/home/user/a1_rlef_project/results/hermes_audit/supplementary_noref/rlef_p3c_unpaired/LIME/4.png,4.8461568363284355,0.39499732851982117,0.0,0.0,0.11449039400846629,0.2931804656982422,1652.2490234375,0.020596325397491455
LIME,5.bmp,input_low,/home/user/a1_rlef_project/data/unpaired_real/LIME/5.bmp,2.895869783903563,0.1935286670923233,0.002494333333333333,0.07319433333333333,0.314833,0.15560153126716614,353.1214294433594,0.012303958646953106
LIME,5.bmp,P3c_RLEF_seed3407,/home/user/a1_rlef_project/results/hermes_audit/supplementary_noref/rlef_p3c_unpaired/LIME/5.png,3.328397649406915,0.3486053943634033,9e-06,0.0,0.10566966666666666,0.18057934939861298,226.72312927246094,0.0023283264599740505
LIME,6.bmp,input_low,/home/user/a1_rlef_project/data/unpaired_real/LIME/6.bmp,5.524510686362322,0.058036573231220245,0.0,0.37859911927434226,0.8525066807181302,0.08600974082946777,903.871826171875,0.018931685015559196
LIME,6.bmp,P3c_RLEF_seed3407,/home/user/a1_rlef_project/results/hermes_audit/supplementary_noref/rlef_p3c_unpaired/LIME/6.png,8.018258348768546,0.24649754166603088,0.0,0.0,0.0890605592984305,0.14861388504505157,584.0267333984375,0.005418672226369381
LIME,7.bmp,input_low,/home/user/a1_rlef_project/data/unpaired_real/LIME/7.bmp,6.907666598052996,0.13446873426437378,0.001471604938271605,2.4691358024691357e-05,0.6073135802469136,0.16994330286979675,123.54975891113281,0.007116266060620546
LIME,7.bmp,P3c_RLEF_seed3407,/home/user/a1_rlef_project/results/hermes_audit/supplementary_noref/rlef_p3c_unpaired/LIME/7.png,5.979367292118612,0.4132029712200165,0.0,0.0,0.0,0.18017792701721191,80.11343383789062,0.01072782278060913
LIME,8.bmp,input_low,/home/user/a1_rlef_project/data/unpaired_real/LIME/8.bmp,4.235562668024081,0.10346009582281113,0.0,0.23734973441431367,0.6182834777746715,0.12594768404960632,146.9457244873047,0.009453346952795982
LIME,8.bmp,P3c_RLEF_seed3407,/home/user/a1_rlef_project/results/hermes_audit/supplementary_noref/rlef_p3c_unpaired/LIME/8.png,4.807923741660987,0.2770119607448578,0.0,0.0,0.2370981269220017,0.18653474748134613,150.26260375976562,0.005618643946945667
LIME,9.bmp,input_low,/home/user/a1_rlef_project/data/unpaired_real/LIME/9.bmp,6.5601427347188315,0.10848145931959152,0.02863111111111111,0.5020222222222223,0.8442177777777777,0.2268017679452896,80.11306762695312,0.0034387027844786644
LIME,9.bmp,P3c_RLEF_seed3407,/home/user/a1_rlef_project/results/hermes_audit/supplementary_noref/rlef_p3c_unpaired/LIME/9.png,6.54871864498091,0.193283349275589,4.444444444444444e-06,0.0,0.47191555555555553,0.2104603499174118,49.65546798706055,0.0018656899919733405
MEF,Balloons.png,input_low,/home/user/a1_rlef_project/data/unpaired_real/MEF/Balloons.png,5.956128717379594,0.16312670707702637,0.004557291666666667,0.25308812684365783,0.6400891869469026,0.2031247913837433,105.4736099243164,0.006070967763662338
MEF,Balloons.png,P3c_RLEF_seed3407,/home/user/a1_rlef_project/results/hermes_audit/supplementary_noref/rlef_p3c_unpaired/MEF/Balloons.png,5.3404636252232,0.2889194190502167,0.0,0.0,0.3115263182153392,0.250152051448822,64.36493682861328,0.0032646299805492163
MEF,BelgiumHouse.png,input_low,/home/user/a1_rlef_project/data/unpaired_real/MEF/BelgiumHouse.png,3.782895000064253,0.1020408570766449,0.005523681640625,0.19543965657552084,0.7826487223307291,0.16566289961338043,580.0738525390625,0.010008865036070347
MEF,BelgiumHouse.png,P3c_RLEF_seed3407,/home/user/a1_rlef_project/results/hermes_audit/supplementary_noref/rlef_p3c_unpaired/MEF/BelgiumHouse.png,3.6130203664462783,0.26693490147590637,0.0004526774088541667,0.0,0.1328887939453125,0.20278911292552948,292.8743896484375,0.004398303106427193
MEF,Cadik.png,input_low,/home/user/a1_rlef_project/data/unpaired_real/MEF/Cadik.png,5.306962142109181,0.15326741337776184,0.0109710693359375,0.3700764973958333,0.7010040283203125,0.2333073765039444,257.53466796875,0.006272667087614536
MEF,Cadik.png,P3c_RLEF_seed3407,/home/user/a1_rlef_project/results/hermes_audit/supplementary_noref/rlef_p3c_unpaired/MEF/Cadik.png,4.848787223844568,0.2505408525466919,5.5948893229166664e-05,0.0,0.4496307373046875,0.2510097026824951,146.9605712890625,0.0028978839982300997
MEF,Candle.png,input_low,/home/user/a1_rlef_project/data/unpaired_real/MEF/Candle.png,7.970821021038206,0.12150256335735321,0.0019101991758241758,0.03859568166208791,0.6650122338598901,0.14975205063819885,30.60884666442871,0.003322026925161481
MEF,Candle.png,P3c_RLEF_seed3407,/home/user/a1_rlef_project/results/hermes_audit/supplementary_noref/rlef_p3c_unpaired/MEF/Candle.png,7.183474187362883,0.29896798729896545,3.7560096153846156e-05,0.0,0.02967247596153846,0.16765142977237701,25.333402633666992,0.002162206918001175
MEF,Cave.png,input_low,/home/user/a1_rlef_project/data/unpaired_real/MEF/Cave.png,4.475762637994402,0.05421490967273712,0.0,0.7375895182291666,0.866485595703125,0.12719129025936127,460.9722900390625,0.007301658857613802
MEF,Cave.png,P3c_RLEF_seed3407,/home/user/a1_rlef_project/results/hermes_audit/supplementary_noref/rlef_p3c_unpaired/MEF/Cave.png,3.6154989231172125,0.2143983244895935,0.0,0.0,0.009038289388020834,0.19226226210594177,199.07191467285156,0.007989185862243176
MEF,ChineseGarden.png,input_low,/home/user/a1_rlef_project/data/unpaired_real/MEF/ChineseGarden.png,4.4894300949818104,0.15548111498355865,0.0,0.3261144301470588,0.6672047334558824,0.2189057618379593,872.502685546875,0.01890503615140915
MEF,ChineseGarden.png,P3c_RLEF_seed3407,/home/user/a1_rlef_project/results/hermes_audit/supplementary_noref/rlef_p3c_unpaired/MEF/ChineseGarden.png,4.846629365825692,0.3117137551307678,0.0,0.0,0.12504021139705881,0.2485525906085968,545.0813598632812,0.005670275539159775
MEF,Farmhouse.png,input_low,/home/user/a1_rlef_project/data/unpaired_real/MEF/Farmhouse.png,6.2482843907070285,0.06271442770957947,0.01110016495601173,0.5812179252199413,0.9050987445014663,0.16158929467201233,675.951171875,0.013200865127146244
MEF,Farmhouse.png,P3c_RLEF_seed3407,/home/user/a1_rlef_project/results/hermes_audit/supplementary_noref/rlef_p3c_unpaired/MEF/Farmhouse.png,4.934332110567914,0.2256380021572113,0.003092925219941349,0.0,0.15189699413489735,0.18690645694732666,314.65960693359375,0.003691967809572816
MEF,House.png,input_low,/home/user/a1_rlef_project/data/unpaired_real/MEF/House.png,4.2115871799367435,0.17783069610595703,0.01811236213235294,0.21600413602941176,0.5918830422794118,0.22810330986976624,723.0906982421875,0.010252224281430244
MEF,House.png,P3c_RLEF_seed3407,/home/user/a1_rlef_project/results/hermes_audit/supplementary_noref/rlef_p3c_unpaired/MEF/House.png,3.8560151333616743,0.3102881908416748,4.021139705882353e-05,0.0,0.24617417279411766,0.2500574290752411,363.86053466796875,0.004408795386552811
MEF,Kluki.png,input_low,/home/user/a1_rlef_project/data/unpaired_real/MEF/Kluki.png,3.7094330855764492,0.22514989972114563,0.005275155791788856,0.10782853739002933,0.4576383797653959,0.24063992500305176,151.34149169921875,0.010980352759361267
MEF,Kluki.png,P3c_RLEF_seed3407,/home/user/a1_rlef_project/results/hermes_audit/supplementary_noref/rlef_p3c_unpaired/MEF/Kluki.png,4.2079517987812585,0.3752359449863434,0.0,0.0,0.11615652492668621,0.2488814890384674,107.16747283935547,0.0076830629259347916
MEF,Lamp.png,input_low,/home/user/a1_rlef_project/data/unpaired_real/MEF/Lamp.png,8.310512962535366,0.14121095836162567,0.010879248903508772,0.22312454312865498,0.6554104989035088,0.20905530452728271,248.57054138183594,0.007613484747707844
MEF,Lamp.png,P3c_RLEF_seed3407,/home/user/a1_rlef_project/results/hermes_audit/supplementary_noref/rlef_p3c_unpaired/MEF/Lamp.png,6.662412492587127,0.2542685270309448,0.0,0.0,0.19005276864035087,0.2109059989452362,142.01498413085938,0.003156814491376281
MEF,Landscape.png,input_low,/home/user/a1_rlef_project/data/unpaired_real/MEF/Landscape.png,5.439571283338074,0.21376867592334747,0.0,0.036273139662756596,0.4834528500733138,0.20421111583709717,40.923099517822266,0.006287486292421818
MEF,Landscape.png,P3c_RLEF_seed3407,/home/user/a1_rlef_project/results/hermes_audit/supplementary_noref/rlef_p3c_unpaired/MEF/Landscape.png,4.8799983484494245,0.3929083049297333,0.0,0.0,0.009553702346041056,0.22562655806541443,32.27943420410156,0.0035072832833975554
MEF,LightHouse.png,input_low,/home/user/a1_rlef_project/data/unpaired_real/MEF/LightHouse.png,4.776913272828594,0.2696457803249359,0.0,0.09748391544117647,0.2899758731617647,0.20134329795837402,85.94886779785156,0.009589392691850662
MEF,LightHouse.png,P3c_RLEF_seed3407,/home/user/a1_rlef_project/results/hermes_audit/supplementary_noref/rlef_p3c_unpaired/MEF/LightHouse.png,4.8926017550943515,0.3419232666492462,0.0,0.0,0.18321461397058825,0.2031909078359604,64.89349365234375,0.007845926098525524
MEF,Madison.png,input_low,/home/user/a1_rlef_project/data/unpaired_real/MEF/Madison.png,3.3959339223988954,0.10190001875162125,0.0,0.360992431640625,0.6934254964192709,0.1381196826696396,635.2135620117188,0.014068909920752048
MEF,Madison.png,P3c_RLEF_seed3407,/home/user/a1_rlef_project/results/hermes_audit/supplementary_noref/rlef_p3c_unpaired/MEF/Madison.png,3.5171199503227735,0.2543938159942627,0.0,0.0,0.2892201741536458,0.20578768849372864,473.4243469238281,0.00515619246289134
MEF,Memorial.png,input_low,/home/user/a1_rlef_project/data/unpaired_real/MEF/Memorial.png,3.167560705349891,0.14347702264785767,0.009651072214076246,0.0,0.4243035190615836,0.13211452960968018,546.07763671875,0.0068322475999593735
MEF,Memorial.png,P3c_RLEF_seed3407,/home/user/a1_rlef_project/results/hermes_audit/supplementary_noref/rlef_p3c_unpaired/MEF/Memorial.png,3.4722357682929106,0.38357123732566833,0.00012028042521994135,0.0,0.0,0.13417823612689972,239.75758361816406,0.017746200785040855
MEF,Office.png,input_low,/home/user/a1_rlef_project/data/unpaired_real/MEF/Office.png,3.13414161011495,0.1281163990497589,0.0,0.10400390625,0.5201171875,0.10459189862012863,199.75904846191406,0.009693370200693607
MEF,Office.png,P3c_RLEF_seed3407,/home/user/a1_rlef_project/results/hermes_audit/supplementary_noref/rlef_p3c_unpaired/MEF/Office.png,4.673398642211207,0.34466078877449036,0.0,0.0,0.10421070772058824,0.17692814767360687,197.3062744140625,0.010027214884757996
MEF,Tower.png,input_low,/home/user/a1_rlef_project/data/unpaired_real/MEF/Tower.png,3.2564499530045152,0.369668185710907,0.019216229838709676,0.03263608870967742,0.43479082661290325,0.3322784900665283,448.222412109375,0.015361856669187546
MEF,Tower.png,P3c_RLEF_seed3407,/home/user/a1_rlef_project/results/hermes_audit/supplementary_noref/rlef_p3c_unpaired/MEF/Tower.png,3.463322814449481,0.4353402256965637,0.0,0.0,0.12502291055718476,0.321566641330719,294.968994140625,0.009763523004949093
MEF,Venice.png,input_low,/home/user/a1_rlef_project/data/unpaired_real/MEF/Venice.png,4.223660783869591,0.1835615038871765,0.0,0.2617645711143695,0.5297493585043989,0.20379044115543365,252.00247192382812,0.014089507050812244
MEF,Venice.png,P3c_RLEF_seed3407,/home/user/a1_rlef_project/results/hermes_audit/supplementary_noref/rlef_p3c_unpaired/MEF/Venice.png,4.8257477111437375,0.3134472072124481,0.0,0.0,0.32368607954545453,0.24874834716320038,195.01657104492188,0.0072698695585131645
NPE,Parking.jpg,input_low,/home/user/a1_rlef_project/data/unpaired_real/NPE/Parking.jpg,4.656376174352653,0.21339789032936096,0.0013461699631243714,0.059912420382165606,0.23200741702983574,0.14892254769802094,394.94970703125,0.02177841030061245
NPE,Parking.jpg,P3c_RLEF_seed3407,/home/user/a1_rlef_project/results/hermes_audit/supplementary_noref/rlef_p3c_unpaired/NPE/Parking.png,4.168889146902826,0.3757583796977997,1.0476030841434798e-05,0.0,0.07407077606436473,0.17807045578956604,253.2051239013672,0.013651441782712936
NPE,birds.jpg,input_low,/home/user/a1_rlef_project/data/unpaired_real/NPE/birds.jpg,3.0379629570695608,0.13450327515602112,0.003177931034482759,0.21825103448275862,0.7567466666666667,0.22190172970294952,338.2184753417969,0.01249410305172205
NPE,birds.jpg,P3c_RLEF_seed3407,/home/user/a1_rlef_project/results/hermes_audit/supplementary_noref/rlef_p3c_unpaired/NPE/birds.png,3.9690109378816576,0.3179060220718384,1.839080459770115e-06,0.0,0.03842574712643678,0.22790229320526123,208.7364044189453,0.004757200367748737
NPE,harbor.JPG,input_low,/home/user/a1_rlef_project/data/unpaired_real/NPE/harbor.JPG,3.8355054486869244,0.32417356967926025,0.0014851159836155345,0.0502091866909075,0.299586007491293,0.26974964141845703,1377.794921875,0.02753007411956787
NPE,harbor.JPG,P3c_RLEF_seed3407,/home/user/a1_rlef_project/results/hermes_audit/supplementary_noref/rlef_p3c_unpaired/NPE/harbor.png,3.675519154275499,0.3836967945098877,0.0,0.0,0.1989880183120496,0.2725367546081543,963.446533203125,0.018296383321285248
NPE,night fall.JPG,input_low,/home/user/a1_rlef_project/data/unpaired_real/NPE/night fall.JPG,3.394947068595377,0.4496574401855469,0.0,0.004309268726866174,0.1562679779000727,0.2524530589580536,275.07257080078125,0.014778388664126396
NPE,night fall.JPG,P3c_RLEF_seed3407,/home/user/a1_rlef_project/results/hermes_audit/supplementary_noref/rlef_p3c_unpaired/NPE/night fall.png,3.2991614439101062,0.484770804643631,0.0,0.0,0.06976239321805768,0.24872323870658875,230.3778533935547,0.013128887861967087
NPE,rail.jpg,input_low,/home/user/a1_rlef_project/data/unpaired_real/NPE/rail.jpg,4.030011122274088,0.4787994921207428,0.023645833333333335,0.018191964285714287,0.14534970238095238,0.2786351442337036,1207.827392578125,0.04237639158964157
NPE,rail.jpg,P3c_RLEF_seed3407,/home/user/a1_rlef_project/results/hermes_audit/supplementary_noref/rlef_p3c_unpaired/NPE/rail.png,3.56682313828694,0.5247577428817749,0.0009970238095238096,0.0,0.06561011904761904,0.26925933361053467,895.6233520507812,0.04153049364686012
NPE,road.bmp,input_low,/home/user/a1_rlef_project/data/unpaired_real/NPE/road.bmp,6.319429598558776,0.4994429647922516,0.001819570491508671,0.0002695659987420253,0.12781921107017702,0.33872970938682556,606.6092529296875,0.019819075241684914
NPE,road.bmp,P3c_RLEF_seed3407,/home/user/a1_rlef_project/results/hermes_audit/supplementary_noref/rlef_p3c_unpaired/NPE/road.png,5.415035889405987,0.5509465932846069,0.0006899605920182791,0.0,0.0006514511636265612,0.3053629994392395,433.88409423828125,0.042904287576675415
NPE,sculpture.JPG,input_low,/home/user/a1_rlef_project/data/unpaired_real/NPE/sculpture.JPG,5.381199226088339,0.35858553647994995,0.0,0.06045485905775675,0.22935146855903804,0.2340192347764969,169.76470947265625,0.009291838854551315
NPE,sculpture.JPG,P3c_RLEF_seed3407,/home/user/a1_rlef_project/results/hermes_audit/supplementary_noref/rlef_p3c_unpaired/NPE/sculpture.png,5.158713418467383,0.4025081992149353,0.0,0.0,0.1711635127143702,0.2394171506166458,138.0096893310547,0.006895340513437986
NPE,skyscraper.jpg,input_low,/home/user/a1_rlef_project/data/unpaired_real/NPE/skyscraper.jpg,5.509106136296543,0.271945983171463,0.0,0.11907413521968582,0.4413807383861165,0.3004417419433594,450.8430480957031,0.01713443733751774
NPE,skyscraper.jpg,P3c_RLEF_seed3407,/home/user/a1_rlef_project/results/hermes_audit/supplementary_noref/rlef_p3c_unpaired/NPE/skyscraper.png,5.48368255514397,0.4327412545681,0.0,0.0,0.05926004689764784,0.27011650800704956,280.683349609375,0.007285508327186108
VV,P1000205.jpg,input_low,/home/user/a1_rlef_project/data/unpaired_real/VV/P1000205.jpg,3.911355152015051,0.37740257382392883,0.035723902070473254,0.06455133383166152,0.3802203896604938,0.3524706959724426,98.47933197021484,0.00546605559065938
VV,P1000205.jpg,P3c_RLEF_seed3407,/home/user/a1_rlef_project/results/hermes_audit/supplementary_noref/rlef_p3c_unpaired/VV/P1000205.png,3.7725994560598104,0.476141095161438,6.304454411008231e-05,0.0,0.008659205809542181,0.3159882426261902,56.41162872314453,0.00335696036927402
VV,P1000333.jpg,input_low,/home/user/a1_rlef_project/data/unpaired_real/VV/P1000333.jpg,4.668889743604964,0.19667646288871765,0.002181441695601852,0.2842113353587963,0.7199626655735597,0.30568698048591614,41.53416442871094,0.0034305232111364603
VV,P1000333.jpg,P3c_RLEF_seed3407,/home/user/a1_rlef_project/results/hermes_audit/supplementary_noref/rlef_p3c_unpaired/VV/P1000333.png,4.985653293629254,0.2829197943210602,0.0,0.0,0.2899953583140432,0.2920345366001129,28.995574951171875,0.002054682234302163
VV,P1000511.jpg,input_low,/home/user/a1_rlef_project/data/unpaired_real/VV/P1000511.jpg,3.6417242675214108,0.24545660614967346,0.0013467922132201647,0.31895867492926955,0.5896583839699074,0.3253939151763916,140.9185791015625,0.00466171046718955
VV,P1000511.jpg,P3c_RLEF_seed3407,/home/user/a1_rlef_project/results/hermes_audit/supplementary_noref/rlef_p3c_unpaired/VV/P1000511.png,3.7179988383159177,0.323936402797699,0.0,0.0,0.3711442358699846,0.31136155128479004,95.48046112060547,0.0021217430476099253
VV,P1010062.jpg,input_low,/home/user/a1_rlef_project/data/unpaired_real/VV/P1010062.jpg,4.21088141325522,0.21515993773937225,0.014493463461291153,0.1882422176408179,0.4365791980131173,0.267442911863327,91.30705261230469,0.0044986712746322155
VV,P1010062.jpg,P3c_RLEF_seed3407,/home/user/a1_rlef_project/results/hermes_audit/supplementary_noref/rlef_p3c_unpaired/VV/P1010062.png,3.6747125466970667,0.3110960125923157,0.0,0.0,0.3103042414158951,0.2590702474117279,54.392066955566406,0.002886165864765644
VV,P1010157.jpg,input_low,/home/user/a1_rlef_project/data/unpaired_real/VV/P1010157.jpg,3.331641568098932,0.10432076454162598,0.0012154284818672839,0.35928558224022633,0.7635849689750515,0.1847313642501831,182.87452697753906,0.006548346020281315
VV,P1010157.jpg,P3c_RLEF_seed3407,/home/user/a1_rlef_project/results/hermes_audit/supplementary_noref/rlef_p3c_unpaired/VV/P1010157.png,3.562457879991927,0.23209181427955627,7.535204475308642e-07,0.0,0.32476228941615226,0.20492149889469147,113.54132843017578,0.001988399541005492
VV,P1010234.jpg,input_low,/home/user/a1_rlef_project/data/unpaired_real/VV/P1010234.jpg,2.89394616589691,0.32729750871658325,0.0005746849279835391,0.027409557452417695,0.1975705496077675,0.18647214770317078,668.0712890625,0.008154979906976223
VV,P1010234.jpg,P3c_RLEF_seed3407,/home/user/a1_rlef_project/results/hermes_audit/supplementary_noref/rlef_p3c_unpaired/VV/P1010234.png,2.6192673081561004,0.409464955329895,0.0,0.0,0.10366130561985597,0.19615618884563446,457.86956787109375,0.0033812595065683126
VV,P1010426.jpg,input_low,/home/user/a1_rlef_project/data/unpaired_real/VV/P1010426.jpg,3.957785013717004,0.22476667165756226,0.0018893269354423867,0.18402049374678497,0.3686068813496656,0.21096594631671906,90.63771057128906,0.003932062536478043
VV,P1010426.jpg,P3c_RLEF_seed3407,/home/user/a1_rlef_project/results/hermes_audit/supplementary_noref/rlef_p3c_unpaired/VV/P1010426.png,4.060305440212072,0.3330098092556,7.535204475308642e-07,0.0,0.2134542582947531,0.23748727142810822,57.370994567871094,0.0024148961529135704
VV,P1010520.jpg,input_low,/home/user/a1_rlef_project/data/unpaired_real/VV/P1010520.jpg,4.540185321857752,0.36082085967063904,0.00021073455182613168,0.1493259006076389,0.3563928172421553,0.27471524477005005,24.094175338745117,0.0028529055416584015
VV,P1010520.jpg,P3c_RLEF_seed3407,/home/user/a1_rlef_project/results/hermes_audit/supplementary_noref/rlef_p3c_unpaired/VV/P1010520.png,4.801403898180726,0.4151070713996887,0.0,0.0,0.3347218203446502,0.2813260853290558,19.985393524169922,0.0022947632241994143
VV,P1010523.jpg,input_low,/home/user/a1_rlef_project/data/unpaired_real/VV/P1010523.jpg,3.0157528108402682,0.1482500582933426,0.022411707497427984,0.6265110596707819,0.7452425230677726,0.27353033423423767,314.48822021484375,0.004008994437754154
VV,P1010523.jpg,P3c_RLEF_seed3407,/home/user/a1_rlef_project/results/hermes_audit/supplementary_noref/rlef_p3c_unpaired/VV/P1010523.png,3.5640794783758656,0.2599739730358124,2.511734825102881e-07,0.0,0.42361663692772633,0.2710411250591278,128.36131286621094,0.001537241623736918
VV,P1010676.jpg,input_low,/home/user/a1_rlef_project/data/unpaired_real/VV/P1010676.jpg,2.9275958510545337,0.1883070319890976,0.008450480645576132,0.49736644603587965,0.6344202614615484,0.2785361409187317,397.1971435546875,0.00641039339825511
VV,P1010676.jpg,P3c_RLEF_seed3407,/home/user/a1_rlef_project/results/hermes_audit/supplementary_noref/rlef_p3c_unpaired/VV/P1010676.png,2.980489481512548,0.2843376398086548,2.511734825102881e-07,0.0,0.5105982650945216,0.2830738425254822,206.50401306152344,0.0021844611037522554
VV,P1010732.jpg,input_low,/home/user/a1_rlef_project/data/unpaired_real/VV/P1010732.jpg,3.627850649297363,0.40924644470214844,0.01814602824395576,0.010536978764789094,0.26523291819380146,0.3236282169818878,329.6746826171875,0.00762792956084013
VV,P1010732.jpg,P3c_RLEF_seed3407,/home/user/a1_rlef_project/results/hermes_audit/supplementary_noref/rlef_p3c_unpaired/VV/P1010732.png,3.5506439288587206,0.4535442292690277,5.073704346707819e-05,0.0,0.10370626567322531,0.3101256191730499,247.4099578857422,0.005592236295342445
VV,P1010815.jpg,input_low,/home/user/a1_rlef_project/data/unpaired_real/VV/P1010815.jpg,3.0914295624163333,0.25553712248802185,0.03112993907536008,0.05971423490547839,0.5880950802147634,0.30601227283477783,763.2996826171875,0.003419757355004549
VV,P1010815.jpg,P3c_RLEF_seed3407,/home/user/a1_rlef_project/results/hermes_audit/supplementary_noref/rlef_p3c_unpaired/VV/P1010815.png,3.1651664640215507,0.40843507647514343,7.535204475308642e-07,0.0,0.012217078189300411,0.27934107184410095,267.4078063964844,0.0034277800004929304
VV,P1010860.jpg,input_low,/home/user/a1_rlef_project/data/unpaired_real/VV/P1010860.jpg,3.2300476586579485,0.21377214789390564,0.026793931246784978,0.404003504372428,0.6154423466435185,0.3074781894683838,1007.6583862304688,0.0089603615924716
VV,P1010860.jpg,P3c_RLEF_seed3407,/home/user/a1_rlef_project/results/hermes_audit/supplementary_noref/rlef_p3c_unpaired/VV/P1010860.png,3.356882674941139,0.31672003865242004,0.0,0.0,0.37805452072080764,0.2967469394207001,439.3284606933594,0.0029957983642816544
VV,P1010880.jpg,input_low,/home/user/a1_rlef_project/data/unpaired_real/VV/P1010880.jpg,3.868585705503047,0.33267924189567566,0.03735175741062243,0.17338304558899176,0.3262364265850051,0.30846667289733887,324.8857727050781,0.006012251600623131
VV,P1010880.jpg,P3c_RLEF_seed3407,/home/user/a1_rlef_project/results/hermes_audit/supplementary_noref/rlef_p3c_unpaired/VV/P1010880.png,3.8394165506088984,0.39310163259506226,0.0,0.0,0.28977733973122427,0.2989303767681122,198.89234924316406,0.003902994329109788
VV,P1020044.jpg,input_low,/home/user/a1_rlef_project/data/unpaired_real/VV/P1020044.jpg,4.010737338728667,0.18779557943344116,0.00017858434606481482,0.09984296633873457,0.5691887498392489,0.2085476666688919,105.38807678222656,0.004144086502492428
VV,P1020044.jpg,P3c_RLEF_seed3407,/home/user/a1_rlef_project/results/hermes_audit/supplementary_noref/rlef_p3c_unpaired/VV/P1020044.png,4.4824443861346674,0.315013587474823,0.0,0.0,0.13798491552533437,0.23458035290241241,79.82367706298828,0.0028387419879436493
VV,P1020150.jpg,input_low,/home/user/a1_rlef_project/data/unpaired_real/VV/P1020150.jpg,4.781488473787852,0.39855483174324036,0.0901539492509002,0.017228742685828188,0.3296287756397891,0.34007957577705383,31.130691528320312,0.003199525410309434
VV,P1020150.jpg,P3c_RLEF_seed3407,/home/user/a1_rlef_project/results/hermes_audit/supplementary_noref/rlef_p3c_unpaired/VV/P1020150.png,4.727659161177826,0.4679761230945587,0.0003760067033179012,0.0,0.1137670195151749,0.3143615126609802,20.654539108276367,0.002424392616376281
VV,P1020741.jpg,input_low,/home/user/a1_rlef_project/data/unpaired_real/VV/P1020741.jpg,3.12225148728284,0.3689805567264557,0.003524968653549383,0.007458596563143004,0.1237134894225823,0.24345552921295166,786.5128173828125,0.011349640786647797
VV,P1020741.jpg,P3c_RLEF_seed3407,/home/user/a1_rlef_project/results/hermes_audit/supplementary_noref/rlef_p3c_unpaired/VV/P1020741.png,3.1986090964092098,0.41439831256866455,1.0046939300411523e-05,0.0,0.060882442772633744,0.23774491250514984,622.8037719726562,0.00894407369196415
VV,P1030700.jpg,input_low,/home/user/a1_rlef_project/data/unpaired_real/VV/P1030700.jpg,3.810814716815137,0.2928721606731415,0.0003511405285493827,0.056063930684156375,0.44143940489969136,0.2824062705039978,81.49427032470703,0.0048319329507648945
VV,P1030700.jpg,P3c_RLEF_seed3407,/home/user/a1_rlef_project/results/hermes_audit/supplementary_noref/rlef_p3c_unpaired/VV/P1030700.png,3.9607905748359986,0.34548819065093994,0.0,0.0,0.19143111617476852,0.27600815892219543,60.67165756225586,0.0038710939697921276
VV,P1040134.jpg,input_low,/home/user/a1_rlef_project/data/unpaired_real/VV/P1040134.jpg,4.588164421100248,0.27448147535324097,0.01163109045460391,0.1764448503407922,0.4082224653581533,0.27406907081604004,41.037513732910156,0.003432211931794882
VV,P1040134.jpg,P3c_RLEF_seed3407,/home/user/a1_rlef_project/results/hermes_audit/supplementary_noref/rlef_p3c_unpaired/VV/P1040134.png,4.951825236652673,0.35426953434944153,3.315489969135802e-05,0.0,0.26337925789287553,0.2721569240093231,29.219966888427734,0.002293070312589407
VV,P1090815.jpg,input_low,/home/user/a1_rlef_project/data/unpaired_real/VV/P1090815.jpg,3.5656393721835493,0.2818274199962616,0.069140524530607,0.05882859720614712,0.3908467861850566,0.3092900812625885,329.6748046875,0.004976267926394939
VV,P1090815.jpg,P3c_RLEF_seed3407,/home/user/a1_rlef_project/results/hermes_audit/supplementary_noref/rlef_p3c_unpaired/VV/P1090815.png,4.059143722541815,0.3730029761791229,2.185209297839506e-05,0.0,0.143945513438786,0.28622618317604065,188.5535430908203,0.002551918849349022
VV,P1090828.jpg,input_low,/home/user/a1_rlef_project/data/unpaired_real/VV/P1090828.jpg,3.4222108832948703,0.12155595421791077,2.511734825102881e-07,0.283618063593107,0.7436857498231738,0.182077094912529,253.76080322265625,0.009501288644969463
VV,P1090828.jpg,P3c_RLEF_seed3407,/home/user/a1_rlef_project/results/hermes_audit/supplementary_noref/rlef_p3c_unpaired/VV/P1090828.png,4.014486837801755,0.32913193106651306,0.0,0.0,0.0005985464088220164,0.2106555700302124,161.6910400390625,0.017552249133586884
VV,P1090905.jpg,input_low,/home/user/a1_rlef_project/data/unpaired_real/VV/P1090905.jpg,3.7228708340048793,0.3293769657611847,0.01859713581854424,0.09205156491126543,0.34968824347350824,0.26889610290527344,210.28370666503906,0.0051308851689100266
VV,P1090905.jpg,P3c_RLEF_seed3407,/home/user/a1_rlef_project/results/hermes_audit/supplementary_noref/rlef_p3c_unpaired/VV/P1090905.png,4.23728766624548,0.43439123034477234,4.018775720164609e-06,0.0,0.17460776748971193,0.274254709482193,142.93551635742188,0.004090682603418827
VV,P9220346.jpg,input_low,/home/user/a1_rlef_project/data/unpaired_real/VV/P9220346.jpg,5.515288916424683,0.16016332805156708,0.0002526805234053498,0.5504070015110597,0.7375259713380916,0.26200082898139954,14.437440872192383,0.0018058068817481399
VV,P9220346.jpg,P3c_RLEF_seed3407,/home/user/a1_rlef_project/results/hermes_audit/supplementary_noref/rlef_p3c_unpaired/VV/P9220346.png,5.253819001156384,0.27308395504951477,0.0,0.0,0.4831276724858539,0.2769091725349426,9.318793296813965,0.0015135605353862047
VV,test3453.jpg,input_low,/home/user/a1_rlef_project/data/unpaired_real/VV/test3453.jpg,7.466238191066463,0.22314053773880005,0.0026657500314050623,0.12467270036429873,0.6288895660605489,0.3002512454986572,3.920626401901245,0.0016907737590372562
VV,test3453.jpg,P3c_RLEF_seed3407,/home/user/a1_rlef_project/results/hermes_audit/supplementary_noref/rlef_p3c_unpaired/VV/test3453.png,7.007560535057655,0.29553157091140747,0.0,0.0,0.23219823660574085,0.28653180599212646,4.349421501159668,0.0019220539834350348
