index,name,perturbation,e_mae,s_mae,gauge_mae,mu_pred,mu_gt,s_corr,stratum,e_mean,e_std,low_mean,q_mean
0,test_00000,identity,0.0,0.0,0.0,1.8120661064767773,1.8120661064767773,0.9999999999999993,global_underexposed,1.8120661973953247,0.14982859790325165,0.073578841984272,1.0
0,test_00000,global_shift_plus_0p5,0.5000000005657057,5.240622658053695e-08,0.5000000005657057,2.312066107042483,1.8120661064767773,0.9999999999998609,global_underexposed,1.8120661973953247,0.14982859790325165,0.073578841984272,1.0
0,test_00000,global_shift_minus_0p5,0.5,0.0,0.5,1.3120661064767773,1.8120661064767773,0.9999999999999993,global_underexposed,1.8120661973953247,0.14982859790325165,0.073578841984272,1.0
0,test_00000,local_shape_distortion,0.20262202267440443,0.20262202267709395,1.7280399333685637e-10,1.8120661066495813,1.8120661064767773,0.29465803683373737,global_underexposed,1.8120661973953247,0.14982859790325165,0.073578841984272,1.0
0,test_00000,mixed_shift_plus_shape,0.500000000854925,0.20262202301840537,0.500000000854925,2.3120661073317024,1.8120661064767773,0.29465803403365126,global_underexposed,1.8120661973953247,0.14982859790325165,0.073578841984272,1.0
1,test_00001,identity,0.0,0.0,0.0,0.03730227253618068,0.03730227253618068,0.9999999999986495,near_identity,0.03730227053165436,0.003361206268891692,0.32871028780937195,1.0
1,test_00001,global_shift_plus_0p5,0.5000000000381988,1.5009059384230028e-08,0.5000000000381988,0.5373022725743795,0.03730227253618068,0.9999999999852978,near_identity,0.03730227053165436,0.003361206268891692,0.32871028780937195,1.0
1,test_00001,global_shift_minus_0p5,0.4999999998990461,7.456029266217357e-09,0.4999999998990461,-0.4626977273628654,0.03730227253618068,0.9999999999952728,near_identity,0.03730227053165436,0.003361206268891692,0.32871028780937195,1.0
1,test_00001,local_shape_distortion,0.20262202251365125,0.2026220225141449,3.171862772433087e-11,0.03730227256789931,0.03730227253618068,-0.1268314495496369,near_identity,0.03730227053165436,0.003361206268891692,0.32871028780937195,1.0
1,test_00001,mixed_shift_plus_shape,0.49999999991041477,0.20262202255499412,0.4999999999095053,0.537302272445686,0.03730227253618068,-0.1268314492739895,near_identity,0.03730227053165436,0.003361206268891692,0.32871028780937195,1.0
2,test_00002,identity,0.0,0.0,0.0,0.8500699440983226,0.8500699440983226,0.9999999999999999,global_underexposed,0.8500699996948242,0.3266752064228058,0.19119061529636383,1.0
2,test_00002,global_shift_plus_0p5,0.49999999983992893,2.3578408558933006e-08,0.49999999983992893,1.3500699439382515,0.8500699440983226,0.9999999999999926,global_underexposed,0.8500699996948242,0.3266752064228058,0.19119061529636383,1.0
2,test_00002,global_shift_minus_0p5,0.5,0.0,0.5,0.3500699440983226,0.8500699440983226,0.9999999999999999,global_underexposed,0.8500699996948242,0.3266752064228058,0.19119061529636383,1.0
2,test_00002,local_shape_distortion,0.20262202243156935,0.20262202243302735,9.367795428261161e-11,0.8500699441920005,0.8500699440983226,0.7821432732168043,global_underexposed,0.8500699996948242,0.3266752064228058,0.19119061529636383,1.0
2,test_00002,mixed_shift_plus_shape,0.4999999999654392,0.20262202296397813,0.4999999999654392,1.3500699440637618,0.8500699440983226,0.7821432730530077,global_underexposed,0.8500699996948242,0.3266752064228058,0.19119061529636383,1.0
3,test_00003,identity,0.0,0.0,0.0,1.44757119269525,1.44757119269525,0.9999999999999998,global_underexposed,1.4475711584091187,0.4895094633102417,0.08186562359333038,1.0
3,test_00003,global_shift_plus_0p5,0.5000000000545697,2.0256836763543618e-08,0.5000000000545697,1.9475711927498196,1.44757119269525,0.9999999999999946,global_underexposed,1.4475711584091187,0.4895094633102417,0.08186562359333038,1.0
3,test_00003,global_shift_minus_0p5,0.5,0.0,0.5,0.9475711926952499,1.44757119269525,0.9999999999999998,global_underexposed,1.4475711584091187,0.4895094633102417,0.08186562359333038,1.0
3,test_00003,local_shape_distortion,0.2026220228418083,0.20262202284576383,2.5414692572667263e-10,1.4475711929493968,1.44757119269525,0.8863957172479396,global_underexposed,1.4475711584091187,0.4895094633102417,0.08186562359333038,1.0
3,test_00003,mixed_shift_plus_shape,0.5000000002223715,0.20262202311597047,0.5000000002223715,1.9475711929176214,1.44757119269525,0.8863957168726546,global_underexposed,1.4475711584091187,0.4895094633102417,0.08186562359333038,1.0
4,test_00004,identity,0.0,0.0,0.0,1.7368385014360683,1.7368385014360683,0.9999999999999998,global_underexposed,1.7368385791778564,0.35632696747779846,0.12391388416290283,0.9554352164268494
4,test_00004,global_shift_plus_0p5,0.5000000000709406,2.6156044996561434e-08,0.5000000000709406,2.236838501507009,1.7368385014360683,0.9999999999999878,global_underexposed,1.7368385791778564,0.35632696747779846,0.12391388416290283,0.9554352164268494
4,test_00004,global_shift_minus_0p5,0.5,0.0,0.5,1.2368385014360683,1.7368385014360683,0.9999999999999998,global_underexposed,1.7368385791778564,0.35632696747779846,0.12391388416290283,0.9554352164268494
4,test_00004,local_shape_distortion,0.2026220226307487,0.2026220226384775,4.965841071680188e-10,1.7368385019326524,1.7368385014360683,0.8231469755665946,global_underexposed,1.7368385791778564,0.35632696747779846,0.12391388416290283,0.9554352164268494
4,test_00004,mixed_shift_plus_shape,0.5000000004729372,0.2026220230386484,0.5000000004729372,2.2368385019090056,1.7368385014360683,0.8231469743914959,global_underexposed,1.7368385791778564,0.35632696747779846,0.12391388416290283,0.9554352164268494
5,test_00005,identity,0.0,0.0,0.0,0.910978808800337,0.910978808800337,0.9999999999999998,global_underexposed,0.9109788537025452,0.2641950249671936,0.1620849072933197,0.9820365905761719
5,test_00005,global_shift_plus_0p5,0.5000000000322871,1.8638105905854907e-08,0.5000000000322871,1.410978808832624,0.910978808800337,0.9999999999999915,global_underexposed,0.9109788537025452,0.2641950249671936,0.1620849072933197,0.9820365905761719
5,test_00005,global_shift_minus_0p5,0.5,0.0,0.5,0.410978808800337,0.910978808800337,0.9999999999999998,global_underexposed,0.9109788537025452,0.2641950249671936,0.1620849072933197,0.9820365905761719
5,test_00005,local_shape_distortion,0.20262202249955408,0.2026220225002654,4.5702108764089644e-11,0.9109788088460391,0.910978808800337,0.7080882197516919,global_underexposed,0.9109788537025452,0.2641950249671936,0.1620849072933197,0.9820365905761719
5,test_00005,mixed_shift_plus_shape,0.5000000001268745,0.20262202325381945,0.5000000001250555,1.4109788089253925,0.910978808800337,0.708088219991961,global_underexposed,0.9109788537025452,0.2641950249671936,0.1620849072933197,0.9820365905761719
6,test_00006,identity,0.0,0.0,0.0,1.0615632985236516,1.0615632985236516,0.9999999999999998,global_underexposed,1.0615633726119995,0.3361549377441406,0.21307003498077393,1.0
6,test_00006,global_shift_plus_0p5,0.4999999999790816,1.5063101349577224e-08,0.4999999999790816,1.5615632985027332,1.0615632985236516,0.9999999999999946,global_underexposed,1.0615633726119995,0.3361549377441406,0.21307003498077393,1.0
6,test_00006,global_shift_minus_0p5,0.5,0.0,0.5,0.5615632985236516,1.0615632985236516,0.9999999999999998,global_underexposed,1.0615633726119995,0.3361549377441406,0.21307003498077393,1.0
6,test_00006,local_shape_distortion,0.20262202254912154,0.20262202255248696,2.162323653465137e-10,1.061563298739884,1.0615632985236516,0.8045490910573694,global_underexposed,1.0615633726119995,0.3361549377441406,0.21307003498077393,1.0
6,test_00006,mixed_shift_plus_shape,0.4999999999517968,0.20262202301056256,0.4999999999517968,1.5615632984754484,1.0615632985236516,0.804549091088887,global_underexposed,1.0615633726119995,0.3361549377441406,0.21307003498077393,1.0
7,test_00007,identity,0.0,0.0,0.0,0.0771818504013595,0.0771818504013595,0.9999999999999786,near_identity,0.0771818459033966,0.026725124567747116,0.5530622005462646,1.0
7,test_00007,global_shift_plus_0p5,0.49999999995674216,1.4863834990955227e-08,0.49999999995674216,0.5771818503581017,0.0771818504013595,0.9999999999997662,near_identity,0.0771818459033966,0.026725124567747116,0.5530622005462646,1.0
7,test_00007,global_shift_minus_0p5,0.5000000000200657,7.458906972970802e-09,0.5000000000200657,-0.42281814961870623,0.0771818504013595,0.9999999999999207,near_identity,0.0771818459033966,0.026725124567747116,0.5530622005462646,1.0
7,test_00007,local_shape_distortion,0.20262202244546756,0.20262202244601474,3.515765456540976e-11,0.07718185036620184,0.0771818504013595,0.32043124322906574,near_identity,0.0771818459033966,0.026725124567747116,0.5530622005462646,1.0
7,test_00007,mixed_shift_plus_shape,0.49999999988875743,0.2026220224729926,0.4999999998880753,0.5771818502894348,0.0771818504013595,0.32043124244366233,near_identity,0.0771818459033966,0.026725124567747116,0.5530622005462646,1.0
8,test_00008,identity,0.0,0.0,0.0,0.6518209267910606,0.6518209267910606,0.9999999999999997,mixed_regular,0.651820957660675,0.27261215448379517,0.20626768469810486,1.0
8,test_00008,global_shift_plus_0p5,0.4999999998231033,1.773587990361314e-08,0.4999999998231033,1.151820926614164,0.6518209267910606,0.9999999999999932,mixed_regular,0.651820957660675,0.27261215448379517,0.20626768469810486,1.0
8,test_00008,global_shift_minus_0p5,0.499999999998181,2.2507246066894027e-10,0.499999999998181,0.15182092679287962,0.6518209267910606,1.0,mixed_regular,0.651820957660675,0.27261215448379517,0.20626768469810486,1.0
8,test_00008,local_shape_distortion,0.2026220223741575,0.2026220223769868,1.8178525351686403e-10,0.6518209266092754,0.6518209267910606,0.7444026239109147,mixed_regular,0.651820957660675,0.27261215448379517,0.20626768469810486,1.0
8,test_00008,mixed_shift_plus_shape,0.4999999998617568,0.20262202310018562,0.4999999998617568,1.1518209266528174,0.6518209267910606,0.7444026240181318,mixed_regular,0.651820957660675,0.27261215448379517,0.20626768469810486,1.0
9,test_00009,identity,0.0,0.0,0.0,1.8752237761582364,1.8752237761582364,0.9999999999999998,global_underexposed,1.8752238750457764,0.27366089820861816,0.06946657598018646,1.0
9,test_00009,global_shift_plus_0p5,0.49999999973260856,3.5408881104981305e-08,0.49999999973260856,2.375223775890845,1.8752237761582364,0.9999999999999717,global_underexposed,1.8752238750457764,0.27366089820861816,0.06946657598018646,1.0
9,test_00009,global_shift_minus_0p5,0.5,0.0,0.5,1.3752237761582364,1.8752237761582364,0.9999999999999998,global_underexposed,1.8752238750457764,0.27366089820861816,0.06946657598018646,1.0
9,test_00009,local_shape_distortion,0.20262202246522065,0.2026220224698636,2.9831426218152046e-10,1.8752237764565507,1.8752237761582364,0.6343550051689073,global_underexposed,1.8752238750457764,0.27366089820861816,0.06946657598018646,1.0
9,test_00009,mixed_shift_plus_shape,0.5000000004420144,0.20262202243569133,0.5000000004420144,2.375223776600251,1.8752237761582364,0.6343550027900465,global_underexposed,1.8752238750457764,0.27366089820861816,0.06946657598018646,1.0
10,test_00010,identity,0.0,0.0,0.0,1.8201663040035783,1.8201663040035783,0.9999999999999998,global_underexposed,1.8201663494110107,0.4829545319080353,0.07347681373357773,1.0
10,test_00010,global_shift_plus_0p5,0.4999999999126885,1.8074374885657107e-08,0.4999999999126885,2.3201663039162668,1.8201663040035783,0.999999999999995,global_underexposed,1.8201663494110107,0.4829545319080353,0.07347681373357773,1.0
10,test_00010,global_shift_minus_0p5,0.5,0.0,0.5,1.3201663040035783,1.8201663040035783,0.9999999999999998,global_underexposed,1.8201663494110107,0.4829545319080353,0.07347681373357773,1.0
10,test_00010,local_shape_distortion,0.2026220221641779,0.20262202216937292,3.3378455555066466e-10,1.8201663043373628,1.8201663040035783,0.9014738759521638,global_underexposed,1.8201663494110107,0.4829545319080353,0.07347681373357773,1.0
10,test_00010,mixed_shift_plus_shape,0.5000000001400622,0.2026220224798343,0.5000000001400622,2.3201663041436404,1.8201663040035783,0.9014738755456038,global_underexposed,1.8201663494110107,0.4829545319080353,0.07347681373357773,1.0
11,test_00011,identity,0.0,0.0,0.0,1.7064620878663845,1.7064620878663845,0.9999999999999998,global_underexposed,1.706462025642395,0.2611880600452423,0.0798989087343216,0.9852660894393921
11,test_00011,global_shift_plus_0p5,0.5000000002419256,3.474117143964506e-08,0.5000000002419256,2.20646208810831,1.7064620878663845,0.9999999999999695,global_underexposed,1.706462025642395,0.2611880600452423,0.0798989087343216,0.9852660894393921
11,test_00011,global_shift_minus_0p5,0.5,0.0,0.5,1.2064620878663845,1.7064620878663845,0.9999999999999998,global_underexposed,1.706462025642395,0.2611880600452423,0.0798989087343216,0.9852660894393921
11,test_00011,local_shape_distortion,0.20262202291633002,0.20262202292148257,3.310560714453459e-10,1.7064620881974406,1.7064620878663845,0.7283095636291298,global_underexposed,1.706462025642395,0.2611880600452423,0.0798989087343216,0.9852660894393921
11,test_00011,mixed_shift_plus_shape,0.5000000007003109,0.20262202304598165,0.5000000007003109,2.2064620885666955,1.7064620878663845,0.7283095620827771,global_underexposed,1.706462025642395,0.2611880600452423,0.0798989087343216,0.9852660894393921
12,test_00012,identity,0.0,0.0,0.0,0.16646719276332078,0.16646719276332078,0.9999999999999909,near_identity,0.16646720468997955,0.04092727601528168,0.4346937835216522,1.0
12,test_00012,global_shift_plus_0p5,0.4999999999249667,1.4928325228757977e-08,0.4999999999249667,0.6664671926882875,0.16646719276332078,0.9999999999998908,near_identity,0.16646720468997955,0.04092727601528168,0.4346937835216522,1.0
12,test_00012,global_shift_minus_0p5,0.5000000000218279,7.1212651331364896e-09,0.5000000000218279,-0.3335328072585071,0.16646719276332078,0.9999999999999601,near_identity,0.16646720468997955,0.04092727601528168,0.4346937835216522,1.0
12,test_00012,local_shape_distortion,0.20262202252530415,0.20262202252598271,4.359890226623975e-11,0.16646719280691968,0.16646719276332078,0.2691632646385927,near_identity,0.16646720468997955,0.04092727601528168,0.4346937835216522,1.0
12,test_00012,mixed_shift_plus_shape,0.4999999998512976,0.20262202266836593,0.49999999985084287,0.6664671926141637,0.16646719276332078,0.2691632644432399,near_identity,0.16646720468997955,0.04092727601528168,0.4346937835216522,1.0
13,test_00013,identity,0.0,0.0,0.0,0.1405844892035475,0.1405844892035475,0.9999999999999775,near_identity,0.14058449864387512,0.026052044704556465,0.4683474898338318,1.0
13,test_00013,global_shift_plus_0p5,0.5000000000143245,1.4867609275659444e-08,0.5000000000143245,0.640584489217872,0.1405844892035475,0.9999999999997387,near_identity,0.14058449864387512,0.026052044704556465,0.4683474898338318,1.0
13,test_00013,global_shift_minus_0p5,0.49999999996430233,7.475798598222116e-09,0.49999999996430233,-0.35941551076075484,0.1405844892035475,0.9999999999999013,near_identity,0.14058449864387512,0.026052044704556465,0.4683474898338318,1.0
13,test_00013,local_shape_distortion,0.2026220225088764,0.2026220225089932,7.503331289626658e-12,0.14058448921105082,0.1405844892035475,0.20485158297531977,near_identity,0.14058449864387512,0.026052044704556465,0.4683474898338318,1.0
13,test_00013,mixed_shift_plus_shape,0.5000000000343334,0.20262202252402367,0.5000000000338787,0.6405844892374262,0.1405844892035475,0.2048515831058768,near_identity,0.14058449864387512,0.026052044704556465,0.4683474898338318,1.0
14,test_00014,identity,0.0,0.0,0.0,0.07606754113334693,0.07606754113334693,0.9999999999999921,near_identity,0.07606754451990128,0.044648587703704834,0.47283226251602173,1.0
14,test_00014,global_shift_plus_0p5,0.4999999999823157,1.3732763737476775e-08,0.4999999999823157,0.5760675411156626,0.07606754113334693,0.9999999999999211,near_identity,0.07606754451990128,0.044648587703704834,0.47283226251602173,1.0
14,test_00014,global_shift_minus_0p5,0.49999999999312794,6.852043916392754e-09,0.49999999999312794,-0.42393245885978104,0.07606754113334693,0.9999999999999728,near_identity,0.07606754451990128,0.044648587703704834,0.47283226251602173,1.0
14,test_00014,local_shape_distortion,0.20262202250768954,0.2026220225081392,2.8892138681513302e-11,0.07606754116223907,0.07606754113334693,0.11896311988613244,near_identity,0.07606754451990128,0.044648587703704834,0.47283226251602173,1.0
14,test_00014,mixed_shift_plus_shape,0.4999999998199709,0.20262202235195234,0.4999999998199709,0.5760675409533178,0.07606754113334693,0.11896312026710461,near_identity,0.07606754451990128,0.044648587703704834,0.47283226251602173,1.0
15,test_00015,identity,0.0,0.0,0.0,0.07053659900185494,0.07053659900185494,0.9999999999999152,near_identity,0.07053660601377487,0.013402656652033329,0.36450543999671936,1.0
15,test_00015,global_shift_plus_0p5,0.49999999993696065,1.495392179529098e-08,0.49999999993696065,0.5705365989388156,0.07053659900185494,0.9999999999990667,near_identity,0.07053660601377487,0.013402656652033329,0.36450543999671936,1.0
15,test_00015,global_shift_minus_0p5,0.5000000000175646,7.450752204443689e-09,0.5000000000175646,-0.4294634010157097,0.07053659900185494,0.9999999999996894,near_identity,0.07053660601377487,0.013402656652033329,0.36450543999671936,1.0
15,test_00015,local_shape_distortion,0.20262202246840388,0.2026220224684251,1.3642420526593924e-12,0.0705365990004907,0.07053659900185494,-0.006590120469246644,near_identity,0.07053660601377487,0.013402656652033329,0.36450543999671936,1.0
15,test_00015,mixed_shift_plus_shape,0.4999999999037641,0.20262202260805226,0.4999999999037641,0.570536598905619,0.07053659900185494,-0.006590120144412873,near_identity,0.07053660601377487,0.013402656652033329,0.36450543999671936,1.0
16,test_00016,identity,0.0,0.0,0.0,1.5491272281506099,1.5491272281506099,0.9999999999999998,global_underexposed,1.5491271018981934,0.40576303005218506,0.08457336574792862,1.0
16,test_00016,global_shift_plus_0p5,0.49999999978354026,1.9567863773772842e-08,0.49999999978354026,2.04912722793415,1.5491272281506099,0.9999999999999931,global_underexposed,1.5491271018981934,0.40576303005218506,0.08457336574792862,1.0
16,test_00016,global_shift_minus_0p5,0.5,0.0,0.5,1.0491272281506099,1.5491272281506099,0.9999999999999998,global_underexposed,1.5491271018981934,0.40576303005218506,0.08457336574792862,1.0
16,test_00016,local_shape_distortion,0.2026220225952784,0.20262202259953915,2.737579052336514e-10,1.5491272284243678,1.5491272281506099,0.8447557134794735,global_underexposed,1.5491271018981934,0.40576303005218506,0.08457336574792862,1.0
16,test_00016,mixed_shift_plus_shape,0.4999999999654392,0.20262202303138094,0.4999999999654392,2.049127228116049,1.5491272281506099,0.8447557123509911,global_underexposed,1.5491271018981934,0.40576303005218506,0.08457336574792862,1.0
17,test_00017,identity,0.0,0.0,0.0,0.9928179335142886,0.9928179335142886,0.9999999999999998,global_underexposed,0.9928179383277893,0.3937951624393463,0.2369311898946762,1.0
17,test_00017,global_shift_plus_0p5,0.5000000000550244,1.60734785342731e-08,0.5000000000550244,1.492817933569313,0.9928179335142886,0.9999999999999961,global_underexposed,0.9928179383277893,0.3937951624393463,0.2369311898946762,1.0
17,test_00017,global_shift_minus_0p5,0.5000000000004547,3.455974395549788e-11,0.5000000000004547,0.49281793351383385,0.9928179335142886,0.9999999999999997,global_underexposed,0.9928179383277893,0.3937951624393463,0.2369311898946762,1.0
17,test_00017,local_shape_distortion,0.20262202261142193,0.2026220226116095,1.2050804798491299e-11,0.9928179335263394,0.9928179335142886,0.8546400761035884,global_underexposed,0.9928179383277893,0.3937951624393463,0.2369311898946762,1.0
17,test_00017,mixed_shift_plus_shape,0.5000000001286935,0.20262202321121306,0.5000000001286935,1.492817933642982,0.9928179335142886,0.8546400759745216,global_underexposed,0.9928179383277893,0.3937951624393463,0.2369311898946762,1.0
18,test_00018,identity,0.0,0.0,0.0,1.6609046904659408,1.6609046904659408,0.9999999999999998,global_underexposed,1.6609046459197998,0.28596851229667664,0.11012166738510132,1.0
18,test_00018,global_shift_plus_0p5,0.5000000001155058,3.0096894698683485e-08,0.5000000001155058,2.1609046905814466,1.6609046904659408,0.9999999999999781,global_underexposed,1.6609046459197998,0.28596851229667664,0.11012166738510132,1.0
18,test_00018,global_shift_minus_0p5,0.5,0.0,0.5,1.1609046904659408,1.6609046904659408,0.9999999999999998,global_underexposed,1.6609046459197998,0.28596851229667664,0.11012166738510132,1.0
18,test_00018,local_shape_distortion,0.20262202264984808,0.20262202265283485,1.9190338207408786e-10,1.6609046906578442,1.6609046904659408,0.7590625572337745,global_underexposed,1.6609046459197998,0.28596851229667664,0.11012166738510132,1.0
18,test_00018,mixed_shift_plus_shape,0.5000000002810339,0.2026220233790297,0.5000000002810339,2.1609046907469747,1.6609046904659408,0.7590625560204571,global_underexposed,1.6609046459197998,0.28596851229667664,0.11012166738510132,1.0
19,test_00019,identity,0.0,0.0,0.0,1.4923921551107924,1.4923921551107924,0.9999999999999998,global_underexposed,1.4923920631408691,0.23496362566947937,0.09116486459970474,1.0
19,test_00019,global_shift_plus_0p5,0.49999999997089617,2.5386849955566504e-08,0.49999999997089617,1.9923921550816885,1.4923921551107924,0.9999999999999725,global_underexposed,1.4923920631408691,0.23496362566947937,0.09116486459970474,1.0
19,test_00019,global_shift_minus_0p5,0.5,0.0,0.5,0.9923921551107924,1.4923921551107924,0.9999999999999998,global_underexposed,1.4923920631408691,0.23496362566947937,0.09116486459970474,1.0
19,test_00019,local_shape_distortion,0.2026220229572573,0.20262202295916826,1.227817847393453e-10,1.4923921552335742,1.4923921551107924,0.6937505905955734,global_underexposed,1.4923920631408691,0.23496362566947937,0.09116486459970474,1.0
19,test_00019,mixed_shift_plus_shape,0.5000000003547029,0.20262202339182145,0.5000000003547029,1.9923921554654953,1.4923921551107924,0.6937505882134006,global_underexposed,1.4923920631408691,0.23496362566947937,0.09116486459970474,1.0
20,test_00020,identity,0.0,0.0,0.0,0.12378667910422791,0.12378667910422791,0.9999999999999205,near_identity,0.12378667294979095,0.013854601420462132,0.37564817070961,1.0
20,test_00020,global_shift_plus_0p5,0.49999999998829026,1.4936128646392266e-08,0.49999999998829026,0.6237866790925182,0.12378667910422791,0.9999999999990911,near_identity,0.12378667294979095,0.013854601420462132,0.37564817070961,1.0
20,test_00020,global_shift_minus_0p5,0.4999999999939746,7.494029376220457e-09,0.4999999999939746,-0.3762133208897467,0.12378667910422791,0.9999999999996687,near_identity,0.12378667294979095,0.013854601420462132,0.37564817070961,1.0
20,test_00020,local_shape_distortion,0.20262202248056838,0.2026220224805949,1.7053025658242404e-12,0.12378667910593322,0.12378667910422791,-0.033120237738974774,near_identity,0.12378667294979095,0.013854601420462132,0.37564817070961,1.0
20,test_00020,mixed_shift_plus_shape,0.5000000000530918,0.20262202240184884,0.5000000000524096,0.6237866791566375,0.12378667910422791,-0.03312023727381468,near_identity,0.12378667294979095,0.013854601420462132,0.37564817070961,1.0
21,test_00021,identity,0.0,0.0,0.0,1.8686151317033364,1.8686151317033364,0.9999999999999999,global_underexposed,1.8686151504516602,0.432076096534729,0.07333792746067047,1.0
21,test_00021,global_shift_plus_0p5,0.5000000001073204,1.9550828567194145e-08,0.5000000001073204,2.3686151318106567,1.8686151317033364,0.9999999999999934,global_underexposed,1.8686151504516602,0.432076096534729,0.07333792746067047,1.0
21,test_00021,global_shift_minus_0p5,0.5,0.0,0.5,1.3686151317033364,1.8686151317033364,0.9999999999999999,global_underexposed,1.8686151504516602,0.432076096534729,0.07333792746067047,1.0
21,test_00021,local_shape_distortion,0.20262202265348606,0.20262202265548196,1.2823875294998288e-10,1.8686151318315751,1.8686151317033364,0.8433408453690644,global_underexposed,1.8686151504516602,0.432076096534729,0.07333792746067047,1.0
21,test_00021,mixed_shift_plus_shape,0.5000000002764864,0.20262202255765027,0.5000000002764864,2.3686151319798228,1.8686151317033364,0.8433408445893038,global_underexposed,1.8686151504516602,0.432076096534729,0.07333792746067047,1.0
22,test_00022,identity,0.0,0.0,0.0,1.6314170943096542,1.6314170943096542,0.9999999999999998,global_underexposed,1.631417155265808,0.22799208760261536,0.10251925885677338,0.9441253542900085
22,test_00022,global_shift_plus_0p5,0.4999999998963176,4.2703428737578264e-08,0.4999999998963176,2.131417094205972,1.6314170943096542,0.9999999999999509,global_underexposed,1.631417155265808,0.22799208760261536,0.10251925885677338,0.9441253542900085
22,test_00022,global_shift_minus_0p5,0.5,0.0,0.5,1.1314170943096542,1.6314170943096542,0.9999999999999998,global_underexposed,1.631417155265808,0.22799208760261536,0.10251925885677338,0.9441253542900085
22,test_00022,local_shape_distortion,0.20262202296271425,0.20262202296779602,3.2650859793648124e-10,1.6314170946361628,1.6314170943096542,0.6435704288371592,global_underexposed,1.631417155265808,0.22799208760261536,0.10251925885677338,0.9441253542900085
22,test_00022,mixed_shift_plus_shape,0.5000000004802132,0.20262202311052258,0.5000000004765752,2.1314170947862294,1.6314170943096542,0.643570426913162,global_underexposed,1.631417155265808,0.22799208760261536,0.10251925885677338,0.9441253542900085
23,test_00023,identity,0.0,0.0,0.0,1.285467135804538,1.285467135804538,1.0,local_uneven,1.2854671478271484,0.5699387788772583,0.22565440833568573,0.9306236505508423
23,test_00023,global_shift_plus_0p5,0.500000000080945,2.214194616545484e-08,0.500000000080945,1.785467135885483,1.285467135804538,0.9999999999999962,local_uneven,1.2854671478271484,0.5699387788772583,0.22565440833568573,0.9306236505508423
23,test_00023,global_shift_minus_0p5,0.5,0.0,0.5,0.785467135804538,1.285467135804538,1.0,local_uneven,1.2854671478271484,0.5699387788772583,0.22565440833568573,0.9306236505508423
23,test_00023,local_shape_distortion,0.20262202241974592,0.20262202242227972,1.6279955161735415e-10,1.2854671356417384,1.285467135804538,0.9167066841318497,local_uneven,1.2854671478271484,0.5699387788772583,0.22565440833568573,0.9306236505508423
23,test_00023,mixed_shift_plus_shape,0.5000000002710294,0.2026220232912579,0.5000000002710294,1.7854671360755674,1.285467135804538,0.9167066836399473,local_uneven,1.2854671478271484,0.5699387788772583,0.22565440833568573,0.9306236505508423
24,test_00024,identity,0.0,0.0,0.0,0.5819385023753512,0.5819385023753512,0.9999999999999996,mixed_regular,0.5819385051727295,0.21434567868709564,0.2764653265476227,1.0
24,test_00024,global_shift_plus_0p5,0.49999999983970156,2.0275192733065772e-08,0.49999999983970156,1.0819385022150527,0.5819385023753512,0.9999999999999882,mixed_regular,0.5819385051727295,0.21434567868709564,0.2764653265476227,1.0
24,test_00024,global_shift_minus_0p5,0.5000000000038654,9.047124854832944e-11,0.5000000000038654,0.08193850237148581,0.5819385023753512,0.9999999999999992,mixed_regular,0.5819385051727295,0.21434567868709564,0.2764653265476227,1.0
24,test_00024,local_shape_distortion,0.20262202237722704,0.20262202237826393,6.662048690486699e-11,0.5819385024419717,0.5819385023753512,0.6307703546281186,mixed_regular,0.5819385051727295,0.21434567868709564,0.2764653265476227,1.0
24,test_00024,mixed_shift_plus_shape,0.49999999988972377,0.20262202285705325,0.4999999998888143,1.0819385022641654,0.5819385023753512,0.6307703548380692,mixed_regular,0.5819385051727295,0.21434567868709564,0.2764653265476227,1.0
25,test_00025,identity,0.0,0.0,0.0,0.14455227885548538,0.14455227885548538,0.9999999999999953,near_identity,0.1445522904396057,0.0575881265103817,0.4127986431121826,1.0
25,test_00025,global_shift_plus_0p5,0.49999999985709564,1.4881106753100726e-08,0.49999999985709564,0.644552278712581,0.14455227885548538,0.9999999999999469,near_identity,0.1445522904396057,0.0575881265103817,0.4127986431121826,1.0
25,test_00025,global_shift_minus_0p5,0.49999999999783995,7.098470967276116e-09,0.49999999999783995,-0.35544772114235457,0.14455227885548538,0.999999999999981,near_identity,0.1445522904396057,0.0575881265103817,0.4127986431121826,1.0
25,test_00025,local_shape_distortion,0.20262202250518158,0.2026220225053594,1.1425527191022411e-11,0.1445522788669109,0.14455227885548538,0.1744698258324909,near_identity,0.1445522904396057,0.0575881265103817,0.4127986431121826,1.0
25,test_00025,mixed_shift_plus_shape,0.49999999984572696,0.20262202259148157,0.49999999984572696,0.6445522787012123,0.14455227885548538,0.17446982635505545,near_identity,0.1445522904396057,0.0575881265103817,0.4127986431121826,1.0
26,test_00026,identity,0.0,0.0,0.0,1.1696289301562501,1.1696289301562501,0.9999999999999999,global_underexposed,1.1696289777755737,0.2967859208583832,0.21519507467746735,0.9593132734298706
26,test_00026,global_shift_plus_0p5,0.4999999998262865,1.1937597022004809e-08,0.4999999998262865,1.6696289299825366,1.1696289301562501,0.9999999999999943,global_underexposed,1.1696289777755737,0.2967859208583832,0.21519507467746735,0.9593132734298706
26,test_00026,global_shift_minus_0p5,0.5,0.0,0.5,0.6696289301562501,1.1696289301562501,0.9999999999999999,global_underexposed,1.1696289777755737,0.2967859208583832,0.21519507467746735,0.9593132734298706
26,test_00026,local_shape_distortion,0.2026220225529869,0.20262202255399897,6.502887117676437e-11,1.169628930221279,1.1696289301562501,0.7578087921915987,global_underexposed,1.1696289777755737,0.2967859208583832,0.21519507467746735,0.9593132734298706
26,test_00026,mixed_shift_plus_shape,0.5000000001336957,0.20262202333287524,0.5000000001336957,1.6696289302899459,1.1696289301562501,0.7578087922424034,global_underexposed,1.1696289777755737,0.2967859208583832,0.21519507467746735,0.9593132734298706
27,test_00027,identity,0.0,0.0,0.0,0.9522217797177746,0.9522217797177746,0.9999999999999999,global_underexposed,0.9522217512130737,0.4423474371433258,0.18936146795749664,1.0
27,test_00027,global_shift_plus_0p5,0.49999999995884536,1.5987287431407093e-08,0.49999999995884536,1.45222177967662,0.9522217797177746,0.999999999999997,global_underexposed,0.9522217512130737,0.4423474371433258,0.18936146795749664,1.0
27,test_00027,global_shift_minus_0p5,0.49999999999431566,1.2091665169133847e-10,0.49999999999431566,0.4522217797234589,0.9522217797177746,1.0000000000000002,global_underexposed,0.9522217512130737,0.4423474371433258,0.18936146795749664,1.0
27,test_00027,local_shape_distortion,0.202622022382684,0.20262202238391197,7.889866537880152e-11,0.9522217796388759,0.9522217797177746,0.8716374502435471,global_underexposed,0.9522217512130737,0.4423474371433258,0.18936146795749664,1.0
27,test_00027,mixed_shift_plus_shape,0.4999999998565272,0.202622022836702,0.49999999985288923,1.4522217795706638,0.9522217797177746,0.8716374501853124,global_underexposed,0.9522217512130737,0.4423474371433258,0.18936146795749664,1.0
28,test_00028,identity,0.0,0.0,0.0,2.287765657712953,2.287765657712953,0.9999999999999999,global_underexposed,2.2877655029296875,0.4106016755104065,0.11770080029964447,0.9465766549110413
28,test_00028,global_shift_plus_0p5,0.5000000002255547,1.6093014920670612e-08,0.5000000002255547,2.7877656579385075,2.287765657712953,0.9999999999999946,global_underexposed,2.2877655029296875,0.4106016755104065,0.11770080029964447,0.9465766549110413
28,test_00028,global_shift_minus_0p5,0.5,0.0,0.5,1.7877656577129528,2.287765657712953,0.9999999999999999,global_underexposed,2.2877655029296875,0.4106016755104065,0.11770080029964447,0.9465766549110413
28,test_00028,local_shape_distortion,0.2026220224061035,0.20262202241274235,4.2655301513150334e-10,2.287765658139506,2.287765657712953,0.8912368959453082,global_underexposed,2.2877655029296875,0.4106016755104065,0.11770080029964447,0.9465766549110413
28,test_00028,mixed_shift_plus_shape,0.5000000002946763,0.20262202243639071,0.5000000002946763,2.787765658007629,2.287765657712953,0.8912368955696417,global_underexposed,2.2877655029296875,0.4106016755104065,0.11770080029964447,0.9465766549110413
29,test_00029,identity,0.0,0.0,0.0,1.4278912013251102,1.4278912013251102,1.0,global_underexposed,1.4278910160064697,0.42312052845954895,0.1210625171661377,1.0
29,test_00029,global_shift_plus_0p5,0.5000000003356035,1.5758422677869532e-08,0.5000000003356035,1.9278912016607137,1.4278912013251102,0.9999999999999953,global_underexposed,1.4278910160064697,0.42312052845954895,0.1210625171661377,1.0
29,test_00029,global_shift_minus_0p5,0.5,0.0,0.5,0.9278912013251102,1.4278912013251102,1.0,global_underexposed,1.4278910160064697,0.42312052845954895,0.1210625171661377,1.0
29,test_00029,local_shape_distortion,0.20262202267713292,0.20262202267737356,1.546140993013978e-11,1.4278912013405716,1.4278912013251102,0.8472693708726264,global_underexposed,1.4278910160064697,0.42312052845954895,0.1210625171661377,1.0
29,test_00029,mixed_shift_plus_shape,0.5000000004629328,0.2026220227376927,0.5000000004629328,1.927891201788043,1.4278912013251102,0.8472693707959447,global_underexposed,1.4278910160064697,0.42312052845954895,0.1210625171661377,1.0
30,test_00030,identity,0.0,0.0,0.0,0.06868141745304873,0.06868141745304873,0.999999999999991,near_identity,0.06868141889572144,0.04066510498523712,0.49298301339149475,0.9207924008369446
30,test_00030,global_shift_plus_0p5,0.500000000003852,1.4620242461490005e-08,0.500000000003852,0.5686814174569008,0.06868141745304873,0.9999999999999,near_identity,0.06868141889572144,0.04066510498523712,0.49298301339149475,0.9207924008369446
30,test_00030,global_shift_minus_0p5,0.5000000000816405,7.26574443114671e-09,0.5000000000816405,-0.4313185826285917,0.06868141745304873,0.9999999999999668,near_identity,0.06868141889572144,0.04066510498523712,0.49298301339149475,0.9207924008369446
30,test_00030,local_shape_distortion,0.20262202251603462,0.20262202251664768,3.938888104570992e-11,0.06868141741365985,0.06868141745304873,0.19689827179856717,near_identity,0.06868141889572144,0.04066510498523712,0.49298301339149475,0.9207924008369446
30,test_00030,mixed_shift_plus_shape,0.499999999843781,0.2026220225400166,0.499999999843781,0.5686814172968297,0.06868141745304873,0.19689827132787638,near_identity,0.06868141889572144,0.04066510498523712,0.49298301339149475,0.9207924008369446
31,test_00031,identity,0.0,0.0,0.0,0.004746596627299482,0.004746596627299482,0.9999999999931724,near_identity,0.004746596794575453,0.0014949495671316981,0.39765021204948425,1.0
31,test_00031,global_shift_plus_0p5,0.4999999999226219,1.4890099937336226e-08,0.4999999999226219,0.5047465965499214,0.004746596627299482,0.9999999999270395,near_identity,0.004746596794575453,0.0014949495671316981,0.39765021204948425,1.0
31,test_00031,global_shift_minus_0p5,0.5000000000269011,7.460185370063849e-09,0.5000000000269011,-0.49525340339960167,0.004746596627299482,0.9999999999765772,near_identity,0.004746596794575453,0.0014949495671316981,0.39765021204948425,1.0
31,test_00031,local_shape_distortion,0.20262202250137307,0.20262202250166492,1.8751222796709044e-11,0.004746596646050705,0.004746596627299482,0.05289463496829699,near_identity,0.004746596794575453,0.0014949495671316981,0.39765021204948425,1.0
31,test_00031,mixed_shift_plus_shape,0.49999999979165466,0.20262202264486495,0.49999999979165466,0.5047465964189541,0.004746596627299482,0.05289463466901201,near_identity,0.004746596794575453,0.0014949495671316981,0.39765021204948425,1.0
32,test_00032,identity,0.0,0.0,0.0,0.12685452060577518,0.12685452060577518,0.9999999999999827,near_identity,0.1268545240163803,0.02966613508760929,0.1984754502773285,1.0
32,test_00032,global_shift_plus_0p5,0.5000000000136424,1.4974951223489796e-08,0.5000000000136424,0.6268545206194176,0.12685452060577518,0.9999999999997987,near_identity,0.1268545240163803,0.02966613508760929,0.1984754502773285,1.0
32,test_00032,global_shift_minus_0p5,0.49999999999954525,7.411194838380375e-09,0.49999999999954525,-0.3731454793937701,0.12685452060577518,0.9999999999999266,near_identity,0.1268545240163803,0.02966613508760929,0.1984754502773285,1.0
32,test_00032,local_shape_distortion,0.2026220224410622,0.20262202244195665,5.74686964682769e-11,0.12685452054830648,0.12685452060577518,0.0916307047200818,near_identity,0.1268545240163803,0.02966613508760929,0.1984754502773285,1.0
32,test_00032,mixed_shift_plus_shape,0.4999999998990461,0.20262202253879544,0.4999999998990461,0.6268545205048213,0.12685452060577518,0.09163070476047419,near_identity,0.1268545240163803,0.02966613508760929,0.1984754502773285,1.0
33,test_00033,identity,0.0,0.0,0.0,1.1175713795246338,1.1175713795246338,1.0,global_underexposed,1.1175713539123535,0.4295737147331238,0.12288592010736465,1.0
33,test_00033,global_shift_plus_0p5,0.5000000000854925,2.254126546530344e-08,0.5000000000854925,1.6175713796101263,1.1175713795246338,0.9999999999999948,global_underexposed,1.1175713539123535,0.4295737147331238,0.12288592010736465,1.0
33,test_00033,global_shift_minus_0p5,0.5,0.0,0.5,0.6175713795246338,1.1175713795246338,1.0,global_underexposed,1.1175713539123535,0.4295737147331238,0.12288592010736465,1.0
33,test_00033,local_shape_distortion,0.2026220225320685,0.20262202253317974,7.139533408917487e-11,1.1175713795960291,1.1175713795246338,0.8638328097782528,global_underexposed,1.1175713539123535,0.4295737147331238,0.12288592010736465,1.0
33,test_00033,mixed_shift_plus_shape,0.5000000004411049,0.2026220230400911,0.5000000004411049,1.6175713799657387,1.1175713795246338,0.8638328096544278,global_underexposed,1.1175713539123535,0.4295737147331238,0.12288592010736465,1.0
34,test_00034,identity,0.0,0.0,0.0,1.0149683792692485,1.0149683792692485,0.9999999999999998,global_underexposed,1.0149683952331543,0.3660397529602051,0.17126166820526123,0.9329582452774048
34,test_00034,global_shift_plus_0p5,0.500000000039563,1.4911416615359663e-08,0.500000000039563,1.5149683793088116,1.0149683792692485,0.9999999999999959,global_underexposed,1.0149683952331543,0.3660397529602051,0.17126166820526123,0.9329582452774048
34,test_00034,global_shift_minus_0p5,0.5,0.0,0.5,0.5149683792692485,1.0149683792692485,0.9999999999999998,global_underexposed,1.0149683952331543,0.3660397529602051,0.17126166820526123,0.9329582452774048
34,test_00034,local_shape_distortion,0.20262202233971038,0.20262202234129578,1.0186340659856796e-10,1.0149683791673851,1.0149683792692485,0.815940995354279,global_underexposed,1.0149683952331543,0.3660397529602051,0.17126166820526123,0.9329582452774048
34,test_00034,mixed_shift_plus_shape,0.5000000001577973,0.20262202325406414,0.5000000001577973,1.5149683794270459,1.0149683792692485,0.8159409952061717,global_underexposed,1.0149683952331543,0.3660397529602051,0.17126166820526123,0.9329582452774048
35,test_00035,identity,0.0,0.0,0.0,1.0962168978967384,1.0962168978967384,0.9999999999999999,global_underexposed,1.0962169170379639,0.4088791608810425,0.1624269038438797,1.0
35,test_00035,global_shift_plus_0p5,0.49999999992633093,2.1939421529504344e-08,0.49999999992633093,1.5962168978230693,1.0962168978967384,0.9999999999999943,global_underexposed,1.0962169170379639,0.4088791608810425,0.1624269038438797,1.0
35,test_00035,global_shift_minus_0p5,0.5,0.0,0.5,0.5962168978967384,1.0962168978967384,0.9999999999999999,global_underexposed,1.0962169170379639,0.4088791608810425,0.1624269038438797,1.0
35,test_00035,local_shape_distortion,0.20262202257390527,0.20262202257593653,1.305124897044152e-10,1.0962168980272509,1.0962168978967384,0.8578329533147534,global_underexposed,1.0962169170379639,0.4088791608810425,0.1624269038438797,1.0
35,test_00035,mixed_shift_plus_shape,0.5000000000436557,0.20262202273397723,0.5000000000436557,1.5962168979403941,1.0962168978967384,0.857832953966636,global_underexposed,1.0962169170379639,0.4088791608810425,0.1624269038438797,1.0
36,test_00036,identity,0.0,0.0,0.0,1.9845571061050578,1.9845571061050578,1.0,global_underexposed,1.9845572710037231,0.2844473123550415,0.08187346160411835,1.0
36,test_00036,global_shift_plus_0p5,0.5000000000127329,3.2876540490001105e-08,0.5000000000127329,2.4845571061177907,1.9845571061050578,0.9999999999999755,global_underexposed,1.9845572710037231,0.2844473123550415,0.08187346160411835,1.0
36,test_00036,global_shift_minus_0p5,0.5,0.0,0.5,1.4845571061050578,1.9845571061050578,1.0,global_underexposed,1.9845572710037231,0.2844473123550415,0.08187346160411835,1.0
36,test_00036,local_shape_distortion,0.20262202242884086,0.2026220224332007,2.801243681460619e-10,1.9845571063851821,1.9845571061050578,0.7867017520521112,global_underexposed,1.9845572710037231,0.2844473123550415,0.08187346160411835,1.0
36,test_00036,mixed_shift_plus_shape,0.5000000003528839,0.2026220224216786,0.500000000349246,2.4845571064543037,1.9845571061050578,0.7867017515847007,global_underexposed,1.9845572710037231,0.2844473123550415,0.08187346160411835,1.0
37,test_00037,identity,0.0,0.0,0.0,1.6313399318541997,1.6313399318541997,0.9999999999999999,global_underexposed,1.6313400268554688,0.4308716356754303,0.09638242423534393,0.9842025637626648
37,test_00037,global_shift_plus_0p5,0.4999999999809006,2.2989952663809987e-08,0.4999999999809006,2.1313399318351003,1.6313399318541997,0.9999999999999926,global_underexposed,1.6313400268554688,0.4308716356754303,0.09638242423534393,0.9842025637626648
37,test_00037,global_shift_minus_0p5,0.5,0.0,0.5,1.1313399318541997,1.6313399318541997,0.9999999999999999,global_underexposed,1.6313400268554688,0.4308716356754303,0.09638242423534393,0.9842025637626648
37,test_00037,local_shape_distortion,0.20262202236153826,0.2026220223632652,1.1095835361629725e-10,1.631339931965158,1.6313399318541997,0.8650278624940893,global_underexposed,1.6313400268554688,0.4308716356754303,0.09638242423534393,0.9842025637626648
37,test_00037,mixed_shift_plus_shape,0.5000000002064553,0.20262202251226788,0.5000000002028173,2.131339932057017,1.6313399318541997,0.8650278618496839,global_underexposed,1.6313400268554688,0.4308716356754303,0.09638242423534393,0.9842025637626648
38,test_00038,identity,0.0,0.0,0.0,1.7305746402489603,1.7305746402489603,0.9999999999999999,global_underexposed,1.7305747270584106,0.3268428146839142,0.06185225397348404,1.0
38,test_00038,global_shift_plus_0p5,0.49999999973442755,2.912611041239188e-08,0.49999999973442755,2.230574639983388,1.7305746402489603,0.9999999999999832,global_underexposed,1.7305747270584106,0.3268428146839142,0.06185225397348404,1.0
38,test_00038,global_shift_minus_0p5,0.5,0.0,0.5,1.2305746402489603,1.7305746402489603,0.9999999999999999,global_underexposed,1.7305747270584106,0.3268428146839142,0.06185225397348404,1.0
38,test_00038,local_shape_distortion,0.20262202242884086,0.20262202243280436,2.546585164964199e-10,1.7305746405036189,1.7305746402489603,0.8004424992380824,global_underexposed,1.7305747270584106,0.3268428146839142,0.06185225397348404,1.0
38,test_00038,mixed_shift_plus_shape,0.5000000001018634,0.20262202287753706,0.5000000001018634,2.2305746403508238,1.7305746402489603,0.80044249834583,global_underexposed,1.7305747270584106,0.3268428146839142,0.06185225397348404,1.0
39,test_00039,identity,0.0,0.0,0.0,2.1751813049104385,2.1751813049104385,1.0,global_underexposed,2.1751813888549805,0.27213695645332336,0.05634939298033714,0.9413498044013977
39,test_00039,global_shift_plus_0p5,0.4999999997471605,1.4539202342067625e-08,0.4999999997471605,2.675181304657599,2.1751813049104385,0.9999999999999883,global_underexposed,2.1751813888549805,0.27213695645332336,0.05634939298033714,0.9413498044013977
39,test_00039,global_shift_minus_0p5,0.5,0.0,0.5,1.6751813049104385,2.1751813049104385,1.0,global_underexposed,2.1751813888549805,0.27213695645332336,0.05634939298033714,0.9413498044013977
39,test_00039,local_shape_distortion,0.20262202218691527,0.20262202219022762,2.128217602148652e-10,2.1751813051232602,2.1751813049104385,0.679087815900877,global_underexposed,2.1751813888549805,0.27213695645332336,0.05634939298033714,0.9413498044013977
39,test_00039,mixed_shift_plus_shape,0.4999999999854481,0.20262202238175542,0.4999999999854481,2.6751813048958866,2.1751813049104385,0.6790878152148534,global_underexposed,2.1751813888549805,0.27213695645332336,0.05634939298033714,0.9413498044013977
40,test_00040,identity,0.0,0.0,0.0,0.9356008001459486,0.9356008001459486,0.9999999999999997,global_underexposed,0.9356008768081665,0.3080677390098572,0.20564672350883484,1.0
40,test_00040,global_shift_plus_0p5,0.4999999998926796,2.0104850062541146e-08,0.4999999998926796,1.4356008000386282,0.9356008001459486,0.9999999999999925,global_underexposed,0.9356008768081665,0.3080677390098572,0.20564672350883484,1.0
40,test_00040,global_shift_minus_0p5,0.5,0.0,0.5,0.4356008001459486,0.9356008001459486,0.9999999999999997,global_underexposed,0.9356008768081665,0.3080677390098572,0.20564672350883484,1.0
40,test_00040,local_shape_distortion,0.20262202259846163,0.20262202259926143,5.1386450650170445e-11,0.9356008000945621,0.9356008001459486,0.7885241142969457,global_underexposed,0.9356008768081665,0.3080677390098572,0.20564672350883484,1.0
40,test_00040,mixed_shift_plus_shape,0.49999999997726263,0.20262202319222164,0.49999999997362465,1.4356008001195733,0.9356008001459486,0.788524114651192,global_underexposed,0.9356008768081665,0.3080677390098572,0.20564672350883484,1.0
41,test_00041,identity,0.0,0.0,0.0,1.142557761153057,1.142557761153057,1.0,global_underexposed,1.1425577402114868,0.31239673495292664,0.09180352836847305,1.0
41,test_00041,global_shift_plus_0p5,0.49999999994770405,1.4487166605237078e-08,0.49999999994770405,1.6425577611007611,1.142557761153057,0.9999999999999938,global_underexposed,1.1425577402114868,0.31239673495292664,0.09180352836847305,1.0
41,test_00041,global_shift_minus_0p5,0.5,0.0,0.5,0.6425577611530571,1.142557761153057,1.0,global_underexposed,1.1425577402114868,0.31239673495292664,0.09180352836847305,1.0
41,test_00041,local_shape_distortion,0.2026220226134683,0.20262202261811124,2.9831426218152046e-10,1.1425577614513713,1.142557761153057,0.7658873526897132,global_underexposed,1.1425577402114868,0.31239673495292664,0.09180352836847305,1.0
41,test_00041,mixed_shift_plus_shape,0.500000000293312,0.2026220233353128,0.500000000291493,1.6425577614445501,1.142557761153057,0.7658873527513411,global_underexposed,1.1425577402114868,0.31239673495292664,0.09180352836847305,1.0
42,test_00042,identity,0.0,0.0,0.0,1.9238841428341402,1.9238841428341402,0.9999999999999998,global_underexposed,1.9238840341567993,0.3645467460155487,0.062478162348270416,0.9084060788154602
42,test_00042,global_shift_plus_0p5,0.5000000002182787,3.063742548548021e-08,0.5000000002182787,2.423884143052419,1.9238841428341402,0.999999999999986,global_underexposed,1.9238840341567993,0.3645467460155487,0.062478162348270416,0.9084060788154602
42,test_00042,global_shift_minus_0p5,0.5,0.0,0.5,1.4238841428341402,1.9238841428341402,0.9999999999999998,global_underexposed,1.9238840341567993,0.3645467460155487,0.062478162348270416,0.9084060788154602
42,test_00042,local_shape_distortion,0.2026220222014672,0.2026220222020617,3.8198777474462986e-11,1.9238841427959414,1.9238841428341402,0.8271793787573026,global_underexposed,1.9238840341567993,0.3645467460155487,0.062478162348270416,0.9084060788154602
42,test_00042,mixed_shift_plus_shape,0.500000000514774,0.20262202277530716,0.500000000514774,2.423884143348914,1.9238841428341402,0.82717937779246,global_underexposed,1.9238840341567993,0.3645467460155487,0.062478162348270416,0.9084060788154602
43,test_00043,identity,0.0,0.0,0.0,1.8191323925711913,1.8191323925711913,1.0,global_underexposed,1.8191323280334473,0.4535948634147644,0.08437422662973404,1.0
43,test_00043,global_shift_plus_0p5,0.5000000001418812,2.3273521443378797e-08,0.5000000001418812,2.3191323927130725,1.8191323925711913,0.9999999999999933,global_underexposed,1.8191323280334473,0.4535948634147644,0.08437422662973404,1.0
43,test_00043,global_shift_minus_0p5,0.5,0.0,0.5,1.3191323925711913,1.8191323925711913,1.0,global_underexposed,1.8191323280334473,0.4535948634147644,0.08437422662973404,1.0
43,test_00043,local_shape_distortion,0.20262202267440443,0.20262202267465923,1.6370904631912708e-11,1.8191323925548204,1.8191323925711913,0.8766139546328331,global_underexposed,1.8191323280334473,0.4535948634147644,0.08437422662973404,1.0
43,test_00043,mixed_shift_plus_shape,0.5000000003547029,0.20262202275508856,0.5000000003547029,2.3191323929258942,1.8191323925711913,0.8766139540920497,global_underexposed,1.8191323280334473,0.4535948634147644,0.08437422662973404,1.0
44,test_00044,identity,0.0,0.0,0.0,0.050393174108412535,0.050393174108412535,0.9999999999999852,near_identity,0.05039317533373833,0.032071348279714584,0.6627945899963379,0.9460967779159546
44,test_00044,global_shift_plus_0p5,0.5000000002348861,1.4723666653825499e-08,0.5000000002348861,0.5503931743432986,0.050393174108412535,0.9999999999998415,near_identity,0.05039317533373833,0.032071348279714584,0.6627945899963379,0.9460967779159546
44,test_00044,global_shift_minus_0p5,0.49999999999066863,7.370159936858449e-09,0.49999999999066863,-0.4496068258822561,0.050393174108412535,0.9999999999999475,near_identity,0.05039317533373833,0.032071348279714584,0.6627945899963379,0.9460967779159546
44,test_00044,local_shape_distortion,0.2026220224820851,0.20262202248259803,3.295568679062555e-11,0.05039317407545685,0.050393174108412535,0.1619255599317886,near_identity,0.05039317533373833,0.032071348279714584,0.6627945899963379,0.9460967779159546
44,test_00044,mixed_shift_plus_shape,0.5000000001510989,0.20262202262564163,0.5000000001503031,0.5503931742587156,0.050393174108412535,0.1619255605377387,near_identity,0.05039317533373833,0.032071348279714584,0.6627945899963379,0.9460967779159546
45,test_00045,identity,0.0,0.0,0.0,1.9695008716134907,1.9695008716134907,1.0,global_underexposed,1.96950101852417,0.37013116478919983,0.0554407499730587,1.0
45,test_00045,global_shift_plus_0p5,0.49999999975079845,2.4926146369175228e-08,0.49999999975079845,2.469500871364289,1.9695008716134907,0.9999999999999895,global_underexposed,1.96950101852417,0.37013116478919983,0.0554407499730587,1.0
45,test_00045,global_shift_minus_0p5,0.5,0.0,0.5,1.4695008716134907,1.9695008716134907,1.0,global_underexposed,1.96950101852417,0.37013116478919983,0.0554407499730587,1.0
45,test_00045,local_shape_distortion,0.202622022236028,0.20262202224067094,2.9831426218152046e-10,1.969500871911805,1.9695008716134907,0.8236721348874615,global_underexposed,1.96950101852417,0.37013116478919983,0.0554407499730587,1.0
45,test_00045,mixed_shift_plus_shape,0.49999999965075403,0.20262202282213337,0.49999999965075403,2.469500871264245,1.9695008716134907,0.8236721337003432,global_underexposed,1.96950101852417,0.37013116478919983,0.0554407499730587,1.0
46,test_00046,identity,0.0,0.0,0.0,1.2747543296518415,1.2747543296518415,0.9999999999999998,global_underexposed,1.274754285812378,0.32652929425239563,0.1836351603269577,0.9605064392089844
46,test_00046,global_shift_plus_0p5,0.4999999999145075,1.4354726907139792e-08,0.4999999999145075,1.774754329566349,1.2747543296518415,0.9999999999999926,global_underexposed,1.274754285812378,0.32652929425239563,0.1836351603269577,0.9605064392089844
46,test_00046,global_shift_minus_0p5,0.5,0.0,0.5,0.7747543296518415,1.2747543296518415,0.9999999999999998,global_underexposed,1.274754285812378,0.32652929425239563,0.1836351603269577,0.9605064392089844
46,test_00046,local_shape_distortion,0.20262202274489027,0.2026220227452088,2.0463630789890885e-11,1.2747543296723052,1.2747543296518415,0.7647208368598449,global_underexposed,1.274754285812378,0.32652929425239563,0.1836351603269577,0.9605064392089844
46,test_00046,mixed_shift_plus_shape,0.4999999999445208,0.20262202345636132,0.4999999999445208,1.7747543295963624,1.2747543296518415,0.7647208359539442,global_underexposed,1.274754285812378,0.32652929425239563,0.1836351603269577,0.9605064392089844
47,test_00047,identity,0.0,0.0,0.0,0.8482776223786459,0.8482776223786459,0.9999999999999998,global_underexposed,0.8482776880264282,0.3595360815525055,0.22240376472473145,1.0
47,test_00047,global_shift_plus_0p5,0.5000000000895852,1.8386751649002164e-08,0.5000000000895852,1.3482776224682311,0.8482776223786459,0.9999999999999954,global_underexposed,0.8482776880264282,0.3595360815525055,0.22240376472473145,1.0
47,test_00047,global_shift_minus_0p5,0.5,0.0,0.5,0.3482776223786459,0.8482776223786459,0.9999999999999998,global_underexposed,0.8482776880264282,0.3595360815525055,0.22240376472473145,1.0
47,test_00047,local_shape_distortion,0.20262202243748106,0.20262202243955485,1.3324097380973399e-10,0.8482776222454049,0.8482776223786459,0.8351287245721669,global_underexposed,0.8482776880264282,0.3595360815525055,0.22240376472473145,1.0
47,test_00047,mixed_shift_plus_shape,0.5000000001514309,0.20262202274447233,0.5000000001505214,1.3482776225291673,0.8482776223786459,0.8351287249506256,global_underexposed,0.8482776880264282,0.3595360815525055,0.22240376472473145,1.0
48,test_00048,identity,0.0,0.0,0.0,1.6504195398938464,1.6504195398938464,0.9999999999999998,global_underexposed,1.6504197120666504,0.3541565537452698,0.07528399676084518,0.9828017950057983
48,test_00048,global_shift_plus_0p5,0.5000000004529284,2.497144196977885e-08,0.5000000004529284,2.1504195403467747,1.6504195398938464,0.9999999999999882,global_underexposed,1.6504197120666504,0.3541565537452698,0.07528399676084518,0.9828017950057983
48,test_00048,global_shift_minus_0p5,0.5,0.0,0.5,1.1504195398938464,1.6504195398938464,0.9999999999999998,global_underexposed,1.6504197120666504,0.3541565537452698,0.07528399676084518,0.9828017950057983
48,test_00048,local_shape_distortion,0.20262202275353047,0.20262202275487523,8.640199666842818e-11,1.6504195399802484,1.6504195398938464,0.8093786536867719,global_underexposed,1.6504197120666504,0.3541565537452698,0.07528399676084518,0.9828017950057983
48,test_00048,mixed_shift_plus_shape,0.50000000052205,0.20262202226239362,0.50000000052205,2.1504195404158963,1.6504195398938464,0.8093786530427685,global_underexposed,1.6504197120666504,0.3541565537452698,0.07528399676084518,0.9828017950057983
49,test_00049,identity,0.0,0.0,0.0,2.076846736112202,2.076846736112202,1.0,global_underexposed,2.0768465995788574,0.4285854995250702,0.05829253047704697,1.0
49,test_00049,global_shift_plus_0p5,0.49999999964893505,1.439298813465939e-08,0.49999999964893505,2.576846735761137,2.076846736112202,0.9999999999999951,global_underexposed,2.0768465995788574,0.4285854995250702,0.05829253047704697,1.0
49,test_00049,global_shift_minus_0p5,0.5,0.0,0.5,1.576846736112202,2.076846736112202,1.0,global_underexposed,2.0768465995788574,0.4285854995250702,0.05829253047704697,1.0
49,test_00049,local_shape_distortion,0.202622022147807,0.20262202214861386,5.184119800105691e-11,2.0768467361640433,2.076846736112202,0.8754448703690844,global_underexposed,2.0768465995788574,0.4285854995250702,0.05829253047704697,1.0
49,test_00049,mixed_shift_plus_shape,0.49999999980536813,0.20262202236062915,0.49999999980173016,2.576846735913932,2.076846736112202,0.8754448699387896,global_underexposed,2.0768465995788574,0.4285854995250702,0.05829253047704697,1.0
50,test_00050,identity,0.0,0.0,0.0,1.8929934296374995,1.8929934296374995,0.9999999999999998,global_underexposed,1.8929933309555054,0.2588924765586853,0.07855153828859329,0.9220244884490967
50,test_00050,global_shift_plus_0p5,0.5000000002128218,4.303671691241462e-08,0.5000000002128218,2.3929934298503213,1.8929934296374995,0.9999999999999615,global_underexposed,1.8929933309555054,0.2588924765586853,0.07855153828859329,0.9220244884490967
50,test_00050,global_shift_minus_0p5,0.5,0.0,0.5,1.3929934296374995,1.8929934296374995,0.9999999999999998,global_underexposed,1.8929933309555054,0.2588924765586853,0.07855153828859329,0.9220244884490967
50,test_00050,local_shape_distortion,0.20262202252888528,0.20262202253327344,2.8194335754960775e-10,1.8929934299194429,1.8929934296374995,0.7274465875270911,global_underexposed,1.8929933309555054,0.2588924765586853,0.07855153828859329,0.9220244884490967
50,test_00050,mixed_shift_plus_shape,0.5000000005566108,0.20262202282780084,0.5000000005529728,2.3929934301904723,1.8929934296374995,0.7274465850897966,global_underexposed,1.8929933309555054,0.2588924765586853,0.07855153828859329,0.9220244884490967
51,test_00051,identity,0.0,0.0,0.0,0.19694170900515928,0.19694170900515928,0.9999999999999932,near_identity,0.19694170355796814,0.04728461802005768,0.4776019752025604,1.0
51,test_00051,global_shift_plus_0p5,0.5000000001516582,1.4950171871308537e-08,0.5000000001516582,0.6969417091568175,0.19694170900515928,0.9999999999999166,near_identity,0.19694170355796814,0.04728461802005768,0.4776019752025604,1.0
51,test_00051,global_shift_minus_0p5,0.49999999992519406,6.615296033185558e-09,0.49999999992519406,-0.3030582909200348,0.19694170900515928,0.9999999999999727,near_identity,0.19694170355796814,0.04728461802005768,0.4776019752025604,1.0
51,test_00051,local_shape_distortion,0.20262202252428096,0.20262202252508515,5.1670667744474486e-11,0.19694170905682995,0.19694170900515928,0.01559760791611772,near_identity,0.19694170355796814,0.04728461802005768,0.4776019752025604,1.0
51,test_00051,mixed_shift_plus_shape,0.5000000000993623,0.20262202248717867,0.5000000000984528,0.6969417091036121,0.19694170900515928,0.015597608384840797,near_identity,0.19694170355796814,0.04728461802005768,0.4776019752025604,1.0
52,test_00052,identity,0.0,0.0,0.0,1.492514607874,1.492514607874,1.0,global_underexposed,1.4925146102905273,0.4500652253627777,0.10448315739631653,1.0
52,test_00052,global_shift_plus_0p5,0.5000000001555236,2.773364274344381e-08,0.5000000001555236,1.9925146080295235,1.492514607874,0.9999999999999929,global_underexposed,1.4925146102905273,0.4500652253627777,0.10448315739631653,1.0
52,test_00052,global_shift_minus_0p5,0.5,0.0,0.5,0.9925146078739999,1.492514607874,1.0,global_underexposed,1.4925146102905273,0.4500652253627777,0.10448315739631653,1.0
52,test_00052,local_shape_distortion,0.202622022407013,0.20262202240715455,9.094947017729282e-12,1.4925146078830949,1.492514607874,0.885413182426412,global_underexposed,1.4925146102905273,0.4500652253627777,0.10448315739631653,1.0
52,test_00052,mixed_shift_plus_shape,0.500000000601176,0.20262202364282206,0.500000000601176,1.992514608475176,1.492514607874,0.8854131818675162,global_underexposed,1.4925146102905273,0.4500652253627777,0.10448315739631653,1.0
53,test_00053,identity,0.0,0.0,0.0,0.6094177481652423,0.6094177481652423,0.9999999999999999,mixed_regular,0.6094177961349487,0.32874807715415955,0.3168424069881439,1.0
53,test_00053,global_shift_plus_0p5,0.4999999998619842,1.609063366575514e-08,0.4999999998619842,1.1094177480272265,0.6094177481652423,0.999999999999996,mixed_regular,0.6094177961349487,0.32874807715415955,0.3168424069881439,1.0
53,test_00053,global_shift_minus_0p5,0.5000000000020464,6.549721945359188e-10,0.5000000000020464,0.10941774816319594,0.6094177481652423,0.9999999999999997,mixed_regular,0.6094177961349487,0.32874807715415955,0.3168424069881439,1.0
53,test_00053,local_shape_distortion,0.20262202240581217,0.20262202240602503,1.3677947663381929e-11,0.6094177481789202,0.6094177481652423,0.7719086905987496,mixed_regular,0.6094177961349487,0.32874807715415955,0.3168424069881439,1.0
53,test_00053,mixed_shift_plus_shape,0.49999999995657163,0.20262202290313425,0.49999999995657163,1.109417748121814,0.6094177481652423,0.7719086904826139,mixed_regular,0.6094177961349487,0.32874807715415955,0.3168424069881439,1.0
54,test_00054,identity,0.0,0.0,0.0,1.5809437836214784,1.5809437836214784,0.9999999999999999,global_underexposed,1.5809437036514282,0.3137933015823364,0.06629818677902222,1.0
54,test_00054,global_shift_plus_0p5,0.5000000001509761,2.2523269194163476e-08,0.5000000001509761,2.0809437837724545,1.5809437836214784,0.9999999999999868,global_underexposed,1.5809437036514282,0.3137933015823364,0.06629818677902222,1.0
54,test_00054,global_shift_minus_0p5,0.5,0.0,0.5,1.0809437836214784,1.5809437836214784,0.9999999999999999,global_underexposed,1.5809437036514282,0.3137933015823364,0.06629818677902222,1.0
54,test_00054,local_shape_distortion,0.20262202272078866,0.20262202272462476,2.4647306418046355e-10,1.5809437838679514,1.5809437836214784,0.7861753841228742,global_underexposed,1.5809437036514282,0.3137933015823364,0.06629818677902222,1.0
54,test_00054,mixed_shift_plus_shape,0.5000000009295036,0.20262202290059023,0.5000000009295036,2.080943784550982,1.5809437836214784,0.7861753830119956,global_underexposed,1.5809437036514282,0.3137933015823364,0.06629818677902222,1.0
55,test_00055,identity,0.0,0.0,0.0,0.06499680682954079,0.06499680682954079,0.99999999999998,near_identity,0.06499680876731873,0.027647482231259346,0.3842011094093323,1.0
55,test_00055,global_shift_plus_0p5,0.5000000000751328,1.4868739914210977e-08,0.5000000000751328,0.5649968069046736,0.06499680682954079,0.999999999999783,near_identity,0.06499680876731873,0.027647482231259346,0.3842011094093323,1.0
55,test_00055,global_shift_minus_0p5,0.5000000000144524,7.47374994097133e-09,0.5000000000144524,-0.43500319318491165,0.06499680682954079,0.9999999999999276,near_identity,0.06499680876731873,0.027647482231259346,0.3842011094093323,1.0
55,test_00055,local_shape_distortion,0.20262202248626693,0.20262202248637246,6.778577699151356e-12,0.06499680682276221,0.06499680682954079,0.07322571080269938,near_identity,0.06499680876731873,0.027647482231259346,0.3842011094093323,1.0
55,test_00055,mixed_shift_plus_shape,0.5000000000091944,0.20262202251066314,0.5000000000091944,0.5649968068387352,0.06499680682954079,0.07322571117978527,near_identity,0.06499680876731873,0.027647482231259346,0.3842011094093323,1.0
56,test_00056,identity,0.0,0.0,0.0,1.8142752185522113,1.8142752185522113,0.9999999999999998,global_underexposed,1.8142751455307007,0.3640219271183014,0.10149447619915009,1.0
56,test_00056,global_shift_plus_0p5,0.4999999998653948,2.8816596886471757e-08,0.4999999998653948,2.314275218417606,1.8142752185522113,0.9999999999999872,global_underexposed,1.8142751455307007,0.3640219271183014,0.10149447619915009,1.0
56,test_00056,global_shift_minus_0p5,0.5,0.0,0.5,1.3142752185522113,1.8142752185522113,0.9999999999999998,global_underexposed,1.8142751455307007,0.3640219271183014,0.10149447619915009,1.0
56,test_00056,local_shape_distortion,0.20262202219237224,0.202622022195996,2.3283064365386963e-10,1.814275218785042,1.8142752185522113,0.8284384146095428,global_underexposed,1.8142751455307007,0.3640219271183014,0.10149447619915009,1.0
56,test_00056,mixed_shift_plus_shape,0.5000000004183676,0.20262202189534828,0.5000000004183676,2.314275218970579,1.8142752185522113,0.8284384140476951,global_underexposed,1.8142751455307007,0.3640219271183014,0.10149447619915009,1.0
57,test_00057,identity,0.0,0.0,0.0,2.0366736505638983,2.0366736505638983,1.0,global_underexposed,2.0366737842559814,0.3052123785018921,0.035130757838487625,1.0
57,test_00057,global_shift_plus_0p5,0.5000000000327418,2.0563482694413437e-08,0.5000000000327418,2.53667365059664,2.0366736505638983,0.9999999999999869,global_underexposed,2.0366737842559814,0.3052123785018921,0.035130757838487625,1.0
57,test_00057,global_shift_minus_0p5,0.5,0.0,0.5,1.5366736505638983,2.0366736505638983,1.0,global_underexposed,2.0366737842559814,0.3052123785018921,0.035130757838487625,1.0
57,test_00057,local_shape_distortion,0.20262202289086417,0.2026220228970359,3.965396899729967e-10,2.036673650960438,2.0366736505638983,0.7481942814551503,global_underexposed,2.0366737842559814,0.3052123785018921,0.035130757838487625,1.0
57,test_00057,mixed_shift_plus_shape,0.5000000001491571,0.20262202294375775,0.5000000001491571,2.5366736507130554,2.0366736505638983,0.7481942802967972,global_underexposed,2.0366737842559814,0.3052123785018921,0.035130757838487625,1.0
58,test_00058,identity,0.0,0.0,0.0,0.027616386071715904,0.027616386071715904,0.9999999999999278,near_identity,0.027616385370492935,0.014530354179441929,0.5165024399757385,1.0
58,test_00058,global_shift_plus_0p5,0.4999999999608892,1.4687994226717167e-08,0.4999999999608892,0.5276163860326051,0.027616386071715904,0.999999999999234,near_identity,0.027616385370492935,0.014530354179441929,0.5165024399757385,1.0
58,test_00058,global_shift_minus_0p5,0.500000000053208,7.353673930286233e-09,0.500000000053208,-0.4723836139814921,0.027616386071715904,0.9999999999997515,near_identity,0.027616385370492935,0.014530354179441929,0.5165024399757385,1.0
58,test_00058,local_shape_distortion,0.20262202252421044,0.2026220225246798,3.015843130782514e-11,0.027616386101874335,0.027616386071715904,0.1060030478029549,near_identity,0.027616385370492935,0.014530354179441929,0.5165024399757385,1.0
58,test_00058,mixed_shift_plus_shape,0.49999999985231824,0.2026220225340968,0.4999999998517498,0.5276163859234657,0.027616386071715904,0.10600304765730603,near_identity,0.027616385370492935,0.014530354179441929,0.5165024399757385,1.0
59,test_00059,identity,0.0,0.0,0.0,0.023237480289675157,0.023237480289675157,0.9999999999999006,near_identity,0.023237481713294983,0.012379403226077557,0.42383116483688354,1.0
59,test_00059,global_shift_plus_0p5,0.4999999999984417,1.4620999816098753e-08,0.49999999999844164,0.5232374802881168,0.023237480289675157,0.9999999999989506,near_identity,0.023237481713294983,0.012379403226077557,0.42383116483688354,1.0
59,test_00059,global_shift_minus_0p5,0.4999999999933729,7.32779066507156e-09,0.4999999999933729,-0.47676251970369776,0.023237480289675157,0.9999999999996598,near_identity,0.023237481713294983,0.012379403226077557,0.42383116483688354,1.0
59,test_00059,local_shape_distortion,0.2026220224931969,0.2026220224938516,4.2065399774582346e-11,0.023237480331740556,0.023237480289675157,0.07497614770103514,near_identity,0.023237481713294983,0.012379403226077557,0.42383116483688354,1.0
59,test_00059,mixed_shift_plus_shape,0.4999999998796389,0.2026220225829782,0.4999999998788431,0.5232374801685182,0.023237480289675157,0.07497614787329245,near_identity,0.023237481713294983,0.012379403226077557,0.42383116483688354,1.0
60,test_00060,identity,0.0,0.0,0.0,0.8622594167527495,0.8622594167527495,0.9999999999999998,global_underexposed,0.8622593283653259,0.3878175616264343,0.2564140856266022,0.941155195236206
60,test_00060,global_shift_plus_0p5,0.5000000002164597,1.4114095669981452e-08,0.5000000002164597,1.3622594169692093,0.8622594167527495,0.9999999999999969,global_underexposed,0.8622593283653259,0.3878175616264343,0.2564140856266022,0.941155195236206
60,test_00060,global_shift_minus_0p5,0.5000000000027285,2.650685781979689e-10,0.5000000000027285,0.36225941675002105,0.8622594167527495,1.0,global_underexposed,0.8622593283653259,0.3878175616264343,0.2564140856266022,0.941155195236206
60,test_00060,local_shape_distortion,0.20262202244767735,0.20262202244990946,1.4341594578581862e-10,0.8622594168961655,0.8622594167527495,0.8447050211136884,global_underexposed,0.8622593283653259,0.3878175616264343,0.2564140856266022,0.941155195236206
60,test_00060,mixed_shift_plus_shape,0.5000000003565219,0.20262202295702925,0.5000000003565219,1.3622594171092715,0.8622594167527495,0.8447050211792552,global_underexposed,0.8622593283653259,0.3878175616264343,0.2564140856266022,0.941155195236206
61,test_00061,identity,0.0,0.0,0.0,0.04949582493361504,0.04949582493361504,0.9999999999999138,near_identity,0.04949582368135452,0.013310356065630913,0.4906521737575531,1.0
61,test_00061,global_shift_plus_0p5,0.499999999859142,1.490609041407409e-08,0.499999999859142,0.549495824792757,0.04949582493361504,0.9999999999990686,near_identity,0.04949582368135452,0.013310356065630913,0.4906521737575531,1.0
61,test_00061,global_shift_minus_0p5,0.5000000000230784,7.451052441709294e-09,0.5000000000230784,-0.4505041750894634,0.04949582493361504,0.9999999999996956,near_identity,0.04949582368135452,0.013310356065630913,0.4906521737575531,1.0
61,test_00061,local_shape_distortion,0.2026220224978914,0.20262202249855427,4.2589931581460405e-11,0.04949582497620497,0.04949582493361504,0.05006526977613633,near_identity,0.04949582368135452,0.013310356065630913,0.4906521737575531,1.0
61,test_00061,mixed_shift_plus_shape,0.49999999981639576,0.20262202260819148,0.49999999981639576,0.5494958247500108,0.04949582493361504,0.05006527013566622,near_identity,0.04949582368135452,0.013310356065630913,0.4906521737575531,1.0
62,test_00062,identity,0.0,0.0,0.0,1.7267444850185711,1.7267444850185711,0.9999999999999996,global_underexposed,1.7267444133758545,0.2513332664966583,0.11258109658956528,0.9817901849746704
62,test_00062,global_shift_plus_0p5,0.49999999990359356,3.523980901531942e-08,0.49999999990359356,2.2267444849221647,1.7267444850185711,0.9999999999999666,global_underexposed,1.7267444133758545,0.2513332664966583,0.11258109658956528,0.9817901849746704
62,test_00062,global_shift_minus_0p5,0.5,0.0,0.5,1.2267444850185711,1.7267444850185711,0.9999999999999996,global_underexposed,1.7267444133758545,0.2513332664966583,0.11258109658956528,0.9817901849746704
62,test_00062,local_shape_distortion,0.20262202250069095,0.20262202250132794,4.092726157978177e-11,1.7267444850594984,1.7267444850185711,0.660130893499777,global_underexposed,1.7267444133758545,0.2513332664966583,0.11258109658956528,0.9817901849746704
62,test_00062,mixed_shift_plus_shape,0.5000000002492015,0.20262202314819805,0.5000000002455636,2.2267444852641347,1.7267444850185711,0.6601308921598097,global_underexposed,1.7267444133758545,0.2513332664966583,0.11258109658956528,0.9817901849746704
63,test_00063,identity,0.0,0.0,0.0,0.5890934372217771,0.5890934372217771,0.9999999999999998,mixed_regular,0.5890934467315674,0.25344300270080566,0.3729834258556366,0.9550849795341492
63,test_00063,global_shift_plus_0p5,0.49999999988278887,2.1693989472881814e-08,0.49999999988278887,1.089093437104566,0.5890934372217771,0.9999999999999907,mixed_regular,0.5890934467315674,0.25344300270080566,0.3729834258556366,0.9550849795341492
63,test_00063,global_shift_minus_0p5,0.4999999999957936,6.494226371944745e-10,0.4999999999957936,0.08909343722598351,0.5890934372217771,0.9999999999999998,mixed_regular,0.5890934467315674,0.25344300270080566,0.3729834258556366,0.9550849795341492
63,test_00063,local_shape_distortion,0.20262202237177007,0.20262202237213456,2.3419488570652902e-11,0.5890934371983576,0.5890934372217771,0.6772900739533144,mixed_regular,0.5890934467315674,0.25344300270080566,0.3729834258556366,0.9550849795341492
63,test_00063,mixed_shift_plus_shape,0.4999999998832436,0.2026220232046001,0.4999999998832436,1.0890934371050207,0.5890934372217771,0.6772900738320132,mixed_regular,0.5890934467315674,0.25344300270080566,0.3729834258556366,0.9550849795341492
